2026-09-22 08:15:30,447 [INFO] Activator:170 - 


2026-09-22 08:15:30,447 [INFO] Activator:171 - !SESSION log4j initialized
2026-09-22 08:16:48,443 [INFO] McuFinderGlobals:40 - Set McuFinder mode to 2 (CubeIDE integrated)
2026-09-22 08:16:48,697 [INFO] ApplicationProperties:181 - Using Application install path: C:\ST\STM32CubeIDE_1.5.1\STM32CubeIDE\plugins\com.st.stm32cube.common.mx_6.1.1.202012091304
2026-09-22 08:16:48,712 [INFO] DbMcusXml:71 - Set database path to: C:\ST\STM32CubeIDE_1.5.1\STM32CubeIDE\plugins\com.st.stm32cube.common.mx_6.1.1.202012091304\\db\/mcu/
2026-09-22 08:16:48,712 [INFO] DbBoardsPdsc:57 - Set plugin database path to: C:\ST\STM32CubeIDE_1.5.1\STM32CubeIDE\plugins\com.st.stm32cube.common.mx_6.1.1.202012091304\\db\/plugins/boardmanager/
2026-09-22 08:16:48,712 [INFO] DbMcus:259 - Set plugin images path to: C:\ST\STM32CubeIDE_1.5.1\STM32CubeIDE\plugins\com.st.stm32cube.common.mx_6.1.1.202012091304\\db\/plugins/mcufinder/images/
2026-09-22 08:16:48,712 [INFO] DbBoards:265 - Set plugin images path to: C:\ST\STM32CubeIDE_1.5.1\STM32CubeIDE\plugins\com.st.stm32cube.common.mx_6.1.1.202012091304\\db\/plugins/mcufinder/images/
2026-09-22 08:16:48,712 [INFO] DbExamples:329 - Set plugin images path to: C:\ST\STM32CubeIDE_1.5.1\STM32CubeIDE\plugins\com.st.stm32cube.common.mx_6.1.1.202012091304\\db\/plugins/mcufinder/images/
2026-09-22 08:16:48,712 [INFO] DbMcusDocs:112 - Set database path to: C:\Users\Alunos\.stmcufinder\plugins\mcufinder//mcu/
2026-09-22 08:16:48,728 [INFO] DbMcusJson:63 - Set database path to: C:\Users\Alunos\.stmcufinder\plugins\mcufinder//mcu/
2026-09-22 08:16:48,728 [INFO] DbBoardsDocs:112 - Set database path to: C:\Users\Alunos\.stmcufinder\plugins\mcufinder//mcu/
2026-09-22 08:16:48,728 [INFO] DbBoardsJson:56 - Set database path to: C:\Users\Alunos\.stmcufinder\plugins\mcufinder//mcu/
2026-09-22 08:16:48,814 [INFO] CrossReferenceDbSqlite:196 - Set database path to: C:\Users\Alunos\.stmcufinder\plugins\mcufinder//mcu/cs/
2026-09-22 08:16:48,830 [INFO] DbExamplesSqlite:699 - Set database path to: C:\Users\Alunos\.stmcufinder\plugins\mcufinder//mcu/
2026-09-22 08:16:48,914 [INFO] RulesReader:52 - Compatibility file has been processed (228 Rules)
2026-09-22 08:16:48,975 [INFO] MicroXplorer:565 - Detected Java Version = 1.8.0_272
2026-09-22 08:16:48,975 [INFO] DbMcusXml:71 - Set database path to: C:\ST\STM32CubeIDE_1.5.1\STM32CubeIDE\plugins\com.st.stm32cube.common.mx_6.1.1.202012091304\\db\/mcu/
2026-09-22 08:16:48,987 [INFO] DbBoardsPdsc:57 - Set plugin database path to: C:\ST\STM32CubeIDE_1.5.1\STM32CubeIDE\plugins\com.st.stm32cube.common.mx_6.1.1.202012091304\\db\/plugins/boardmanager/
2026-09-22 08:16:48,987 [INFO] DbMcus:259 - Set plugin images path to: C:\ST\STM32CubeIDE_1.5.1\STM32CubeIDE\plugins\com.st.stm32cube.common.mx_6.1.1.202012091304\\db\/plugins/mcufinder/images/
2026-09-22 08:16:48,987 [INFO] DbBoards:265 - Set plugin images path to: C:\ST\STM32CubeIDE_1.5.1\STM32CubeIDE\plugins\com.st.stm32cube.common.mx_6.1.1.202012091304\\db\/plugins/mcufinder/images/
2026-09-22 08:16:48,987 [INFO] DbExamples:329 - Set plugin images path to: C:\ST\STM32CubeIDE_1.5.1\STM32CubeIDE\plugins\com.st.stm32cube.common.mx_6.1.1.202012091304\\db\/plugins/mcufinder/images/
2026-09-22 08:16:48,987 [WARN] DbFile:36 - Overriding database path with different value: C:\Users\Alunos\.stmcufinder\plugins\mcufinder/ => C:\Users\Alunos\.stmcufinder\plugins\mcufinder
2026-09-22 08:16:48,987 [INFO] DbMcusDocs:112 - Set database path to: C:\Users\Alunos\.stmcufinder\plugins\mcufinder//mcu/
2026-09-22 08:16:48,987 [WARN] DbFile:36 - Overriding database path with different value: C:\Users\Alunos\.stmcufinder\plugins\mcufinder/ => C:\Users\Alunos\.stmcufinder\plugins\mcufinder
2026-09-22 08:16:48,987 [INFO] DbMcusJson:63 - Set database path to: C:\Users\Alunos\.stmcufinder\plugins\mcufinder//mcu/
2026-09-22 08:16:48,987 [WARN] DbFile:36 - Overriding database path with different value: C:\Users\Alunos\.stmcufinder\plugins\mcufinder/ => C:\Users\Alunos\.stmcufinder\plugins\mcufinder
2026-09-22 08:16:48,987 [INFO] DbBoardsDocs:112 - Set database path to: C:\Users\Alunos\.stmcufinder\plugins\mcufinder//mcu/
2026-09-22 08:16:48,987 [WARN] DbFile:36 - Overriding database path with different value: C:\Users\Alunos\.stmcufinder\plugins\mcufinder/ => C:\Users\Alunos\.stmcufinder\plugins\mcufinder
2026-09-22 08:16:48,987 [INFO] DbBoardsJson:56 - Set database path to: C:\Users\Alunos\.stmcufinder\plugins\mcufinder//mcu/
2026-09-22 08:16:48,987 [WARN] DbFile:36 - Overriding database path with different value: C:\Users\Alunos\.stmcufinder\plugins\mcufinder/ => C:\Users\Alunos\.stmcufinder\plugins\mcufinder
2026-09-22 08:16:48,987 [WARN] DbFile:36 - Overriding database path with different value: C:\Users\Alunos\.stmcufinder\plugins\mcufinder/ => C:\Users\Alunos\.stmcufinder\plugins\mcufinder
2026-09-22 08:16:48,987 [INFO] CrossReferenceDbSqlite:196 - Set database path to: C:\Users\Alunos\.stmcufinder\plugins\mcufinder//mcu/cs/
2026-09-22 08:16:48,987 [WARN] DbFile:36 - Overriding database path with different value: C:\Users\Alunos\.stmcufinder\plugins\mcufinder/ => C:\Users\Alunos\.stmcufinder\plugins\mcufinder
2026-09-22 08:16:48,987 [INFO] DbExamplesSqlite:699 - Set database path to: C:\Users\Alunos\.stmcufinder\plugins\mcufinder//mcu/
2026-09-22 08:16:49,030 [INFO] MainPanel:190 - HeapMemory: 708837376
2026-09-22 08:16:49,075 [INFO] DbMcusXml:71 - Set database path to: C:\ST\STM32CubeIDE_1.5.1\STM32CubeIDE\plugins\com.st.stm32cube.common.mx_6.1.1.202012091304\\db\/mcu/
2026-09-22 08:16:49,075 [INFO] DbBoardsPdsc:57 - Set plugin database path to: C:\ST\STM32CubeIDE_1.5.1\STM32CubeIDE\plugins\com.st.stm32cube.common.mx_6.1.1.202012091304\\db\/plugins/boardmanager/
2026-09-22 08:16:49,075 [INFO] DbMcus:259 - Set plugin images path to: C:\ST\STM32CubeIDE_1.5.1\STM32CubeIDE\plugins\com.st.stm32cube.common.mx_6.1.1.202012091304\\db\/plugins/mcufinder/images/
2026-09-22 08:16:49,075 [INFO] DbBoards:265 - Set plugin images path to: C:\ST\STM32CubeIDE_1.5.1\STM32CubeIDE\plugins\com.st.stm32cube.common.mx_6.1.1.202012091304\\db\/plugins/mcufinder/images/
2026-09-22 08:16:49,075 [INFO] DbExamples:329 - Set plugin images path to: C:\ST\STM32CubeIDE_1.5.1\STM32CubeIDE\plugins\com.st.stm32cube.common.mx_6.1.1.202012091304\\db\/plugins/mcufinder/images/
2026-09-22 08:16:49,075 [WARN] DbFile:36 - Overriding database path with different value: C:\Users\Alunos\.stmcufinder\plugins\mcufinder/ => C:\Users\Alunos\.stmcufinder\plugins\mcufinder
2026-09-22 08:16:49,075 [INFO] DbMcusDocs:112 - Set database path to: C:\Users\Alunos\.stmcufinder\plugins\mcufinder//mcu/
2026-09-22 08:16:49,075 [WARN] DbFile:36 - Overriding database path with different value: C:\Users\Alunos\.stmcufinder\plugins\mcufinder/ => C:\Users\Alunos\.stmcufinder\plugins\mcufinder
2026-09-22 08:16:49,075 [INFO] DbMcusJson:63 - Set database path to: C:\Users\Alunos\.stmcufinder\plugins\mcufinder//mcu/
2026-09-22 08:16:49,075 [WARN] DbFile:36 - Overriding database path with different value: C:\Users\Alunos\.stmcufinder\plugins\mcufinder/ => C:\Users\Alunos\.stmcufinder\plugins\mcufinder
2026-09-22 08:16:49,075 [INFO] DbBoardsDocs:112 - Set database path to: C:\Users\Alunos\.stmcufinder\plugins\mcufinder//mcu/
2026-09-22 08:16:49,075 [WARN] DbFile:36 - Overriding database path with different value: C:\Users\Alunos\.stmcufinder\plugins\mcufinder/ => C:\Users\Alunos\.stmcufinder\plugins\mcufinder
2026-09-22 08:16:49,075 [INFO] DbBoardsJson:56 - Set database path to: C:\Users\Alunos\.stmcufinder\plugins\mcufinder//mcu/
2026-09-22 08:16:49,075 [WARN] DbFile:36 - Overriding database path with different value: C:\Users\Alunos\.stmcufinder\plugins\mcufinder/ => C:\Users\Alunos\.stmcufinder\plugins\mcufinder
2026-09-22 08:16:49,075 [WARN] DbFile:36 - Overriding database path with different value: C:\Users\Alunos\.stmcufinder\plugins\mcufinder/ => C:\Users\Alunos\.stmcufinder\plugins\mcufinder
2026-09-22 08:16:49,075 [INFO] CrossReferenceDbSqlite:196 - Set database path to: C:\Users\Alunos\.stmcufinder\plugins\mcufinder//mcu/cs/
2026-09-22 08:16:49,075 [WARN] DbFile:36 - Overriding database path with different value: C:\Users\Alunos\.stmcufinder\plugins\mcufinder/ => C:\Users\Alunos\.stmcufinder\plugins\mcufinder
2026-09-22 08:16:49,075 [INFO] DbExamplesSqlite:699 - Set database path to: C:\Users\Alunos\.stmcufinder\plugins\mcufinder//mcu/
2026-09-22 08:16:49,088 [INFO] ApplicationProperties:181 - Using Application install path: C:\ST\STM32CubeIDE_1.5.1\STM32CubeIDE\plugins\com.st.stm32cube.common.mx_6.1.1.202012091304
2026-09-22 08:16:49,088 [INFO] PluginManage:178 - Search for loadable plugins [exclusion list=, ]
2026-09-22 08:16:49,088 [INFO] PluginManage:292 - Check plugin analytics
2026-09-22 08:16:49,175 [INFO] AnalyticsPlugin:225 - Accepted Software Licenses: 
2026-09-22 08:16:49,175 [INFO] AnalyticsPlugin:227 - Accepted CMSIS Pack Licenses: 
2026-09-22 08:16:49,175 [INFO] AnalyticsPlugin:229 - Accepted Firmware Licenses: 
2026-09-22 08:16:49,175 [INFO] PluginManage:342 - Loaded plugin analytics (category:tool,tabindex:-1)
2026-09-22 08:16:49,175 [INFO] PluginManage:292 - Check plugin clock
2026-09-22 08:16:49,188 [INFO] PluginManage:342 - Loaded plugin clock (category:base,tabindex:2)
2026-09-22 08:16:49,188 [INFO] PluginManage:292 - Check plugin ddr
2026-09-22 08:16:49,188 [INFO] PluginManage:342 - Loaded plugin ddr (category:tool,tabindex:6)
2026-09-22 08:16:49,188 [INFO] PluginManage:292 - Check plugin filemanager
2026-09-22 08:16:49,260 [INFO] PluginManage:342 - Loaded plugin filemanager (category:base,tabindex:10)
2026-09-22 08:16:49,260 [INFO] PluginManage:292 - Check plugin ipmanager
2026-09-22 08:16:49,260 [INFO] PluginManage:342 - Loaded plugin ipmanager (category:base,tabindex:5)
2026-09-22 08:16:49,260 [INFO] PluginManage:292 - Check plugin pinoutandconfiguration
2026-09-22 08:16:49,276 [INFO] PluginManage:342 - Loaded plugin pinoutandconfiguration (category:base,tabindex:1)
2026-09-22 08:16:49,276 [INFO] PluginManage:292 - Check plugin pinoutconfig
2026-09-22 08:16:49,299 [INFO] PluginManage:342 - Loaded plugin pinoutconfig (category:base,tabindex:0)
2026-09-22 08:16:49,299 [INFO] PluginManage:292 - Check plugin power
2026-09-22 08:16:49,315 [INFO] PluginManage:342 - Loaded plugin power (category:power,tabindex:4)
2026-09-22 08:16:49,315 [INFO] PluginManage:292 - Check plugin projectmanager
2026-09-22 08:16:49,315 [INFO] PluginManage:342 - Loaded plugin projectmanager (category:projectmanager,tabindex:3)
2026-09-22 08:16:49,315 [INFO] PluginManage:292 - Check plugin thirdparty
2026-09-22 08:16:49,476 [INFO] PluginManage:342 - Loaded plugin thirdparty (category:base,tabindex:-1)
2026-09-22 08:16:49,476 [INFO] PluginManage:292 - Check plugin tools
2026-09-22 08:16:49,476 [WARN] IntegrityCheckThread:59 - waiting for thirdparty lock release [integrity check]
2026-09-22 08:16:49,476 [INFO] IntegrityCheckThread:61 - entering critical section [integrity check]
2026-09-22 08:16:49,476 [INFO] ThirdPartyUpdaterWithRetryManager:56 - Updater plugin not ready yet. [1/15]
2026-09-22 08:16:49,516 [INFO] PluginManage:342 - Loaded plugin tools (category:base,tabindex:7)
2026-09-22 08:16:49,516 [INFO] PluginManage:292 - Check plugin tutovideos
2026-09-22 08:16:49,648 [INFO] PluginManage:342 - Loaded plugin tutovideos (category:base,tabindex:-1)
2026-09-22 08:16:49,648 [INFO] PluginManage:292 - Check plugin updater
2026-09-22 08:16:49,661 [INFO] PluginManage:342 - Loaded plugin updater (category:base,tabindex:12)
2026-09-22 08:16:49,661 [INFO] PluginManage:265 - PluginManage : Loaded plugins [13]
2026-09-22 08:16:49,777 [INFO] PinOutPanel:1434 - setPackage(No Configuration,No Configuration)
2026-09-22 08:16:49,833 [INFO] IPUIPlugin:64 - create IPUIPlugin
2026-09-22 08:16:49,833 [INFO] PluginManager:203 - loadIPPluginJar : add adc
2026-09-22 08:16:49,849 [INFO] IPUIPlugin:64 - create IPUIPlugin
2026-09-22 08:16:49,849 [INFO] PluginManager:203 - loadIPPluginJar : add aes
2026-09-22 08:16:49,888 [INFO] IPUIPlugin:64 - create IPUIPlugin
2026-09-22 08:16:49,888 [INFO] PluginManager:203 - loadIPPluginJar : add can
2026-09-22 08:16:49,933 [INFO] IPUIPlugin:64 - create IPUIPlugin
2026-09-22 08:16:49,933 [INFO] PluginManager:203 - loadIPPluginJar : add comp
2026-09-22 08:16:49,962 [INFO] IPUIPlugin:64 - create IPUIPlugin
2026-09-22 08:16:49,962 [INFO] PluginManager:203 - loadIPPluginJar : add cryp
2026-09-22 08:16:49,989 [INFO] IPUIPlugin:64 - create IPUIPlugin
2026-09-22 08:16:49,989 [INFO] PluginManager:203 - loadIPPluginJar : add dfsdm
2026-09-22 08:16:50,003 [INFO] IPUIPlugin:64 - create IPUIPlugin
2026-09-22 08:16:50,003 [INFO] PluginManager:203 - loadIPPluginJar : add dma
2026-09-22 08:16:50,018 [INFO] IPUIPlugin:64 - create IPUIPlugin
2026-09-22 08:16:50,018 [INFO] PluginManager:203 - loadIPPluginJar : add fatfs
2026-09-22 08:16:50,083 [INFO] IPUIPlugin:64 - create IPUIPlugin
2026-09-22 08:16:50,083 [INFO] PluginManager:203 - loadIPPluginJar : add fmc
2026-09-22 08:16:50,089 [INFO] IPUIPlugin:64 - create IPUIPlugin
2026-09-22 08:16:50,089 [INFO] PluginManager:203 - loadIPPluginJar : add freertos
2026-09-22 08:16:50,119 [INFO] IPUIPlugin:64 - create IPUIPlugin
2026-09-22 08:16:50,119 [INFO] PluginManager:203 - loadIPPluginJar : add genericplugin
2026-09-22 08:16:50,179 [INFO] IPUIPlugin:64 - create IPUIPlugin
2026-09-22 08:16:50,179 [INFO] PluginManager:203 - loadIPPluginJar : add gfxmmu
2026-09-22 08:16:50,263 [INFO] IPUIPlugin:64 - create IPUIPlugin
2026-09-22 08:16:50,263 [INFO] PluginManager:203 - loadIPPluginJar : add gic
2026-09-22 08:16:50,263 [INFO] IPUIPlugin:64 - create IPUIPlugin
2026-09-22 08:16:50,263 [INFO] PluginManager:203 - loadIPPluginJar : add gpio
2026-09-22 08:16:50,305 [INFO] IPUIPlugin:64 - create IPUIPlugin
2026-09-22 08:16:50,305 [INFO] PluginManager:203 - loadIPPluginJar : add gtzc
2026-09-22 08:16:50,336 [INFO] IPUIPlugin:64 - create IPUIPlugin
2026-09-22 08:16:50,336 [INFO] PluginManager:203 - loadIPPluginJar : add hash
2026-09-22 08:16:50,379 [INFO] IPUIPlugin:64 - create IPUIPlugin
2026-09-22 08:16:50,379 [INFO] PluginManager:203 - loadIPPluginJar : add i2c
2026-09-22 08:16:50,404 [INFO] IPUIPlugin:64 - create IPUIPlugin
2026-09-22 08:16:50,404 [INFO] PluginManager:203 - loadIPPluginJar : add i2s
2026-09-22 08:16:50,420 [INFO] IPUIPlugin:64 - create IPUIPlugin
2026-09-22 08:16:50,420 [INFO] PluginManager:203 - loadIPPluginJar : add ipddr
2026-09-22 08:16:50,451 [INFO] IPUIPlugin:64 - create IPUIPlugin
2026-09-22 08:16:50,451 [INFO] PluginManager:203 - loadIPPluginJar : add lorawan
2026-09-22 08:16:50,480 [INFO] IPUIPlugin:64 - create IPUIPlugin
2026-09-22 08:16:50,480 [INFO] PluginManager:203 - loadIPPluginJar : add ltdc
2026-09-22 08:16:50,489 [INFO] IPUIPlugin:64 - create IPUIPlugin
2026-09-22 08:16:50,489 [INFO] PluginManager:203 - loadIPPluginJar : add mdma
2026-09-22 08:16:50,505 [INFO] IPUIPlugin:64 - create IPUIPlugin
2026-09-22 08:16:50,505 [INFO] PluginManager:203 - loadIPPluginJar : add nvic
2026-09-22 08:16:50,520 [INFO] IPUIPlugin:64 - create IPUIPlugin
2026-09-22 08:16:50,520 [INFO] PluginManager:203 - loadIPPluginJar : add opamp
2026-09-22 08:16:50,564 [INFO] IPUIPlugin:64 - create IPUIPlugin
2026-09-22 08:16:50,564 [INFO] PluginManager:203 - loadIPPluginJar : add openamp
2026-09-22 08:16:50,605 [INFO] IPUIPlugin:64 - create IPUIPlugin
2026-09-22 08:16:50,605 [INFO] PluginManager:203 - loadIPPluginJar : add pdm2pcm
2026-09-22 08:16:50,621 [INFO] IPUIPlugin:64 - create IPUIPlugin
2026-09-22 08:16:50,621 [INFO] PluginManager:203 - loadIPPluginJar : add plateformsettings
2026-09-22 08:16:50,636 [INFO] IPUIPlugin:64 - create IPUIPlugin
2026-09-22 08:16:50,636 [INFO] PluginManager:203 - loadIPPluginJar : add quadspi
2026-09-22 08:16:50,652 [INFO] IPUIPlugin:64 - create IPUIPlugin
2026-09-22 08:16:50,652 [INFO] PluginManager:203 - loadIPPluginJar : add resmgrutility
2026-09-22 08:16:50,690 [INFO] IPUIPlugin:64 - create IPUIPlugin
2026-09-22 08:16:50,690 [INFO] PluginManager:203 - loadIPPluginJar : add sai
2026-09-22 08:16:50,721 [INFO] IPUIPlugin:64 - create IPUIPlugin
2026-09-22 08:16:50,721 [INFO] PluginManager:203 - loadIPPluginJar : add spi
2026-09-22 08:16:50,752 [INFO] IPUIPlugin:64 - create IPUIPlugin
2026-09-22 08:16:50,752 [INFO] PluginManager:203 - loadIPPluginJar : add stm32_wpan
2026-09-22 08:16:50,781 [INFO] IPUIPlugin:64 - create IPUIPlugin
2026-09-22 08:16:50,781 [INFO] PluginManager:203 - loadIPPluginJar : add tim
2026-09-22 08:16:50,822 [INFO] IPUIPlugin:64 - create IPUIPlugin
2026-09-22 08:16:50,822 [INFO] PluginManager:203 - loadIPPluginJar : add touchsensing
2026-09-22 08:16:50,838 [INFO] IPUIPlugin:64 - create IPUIPlugin
2026-09-22 08:16:50,838 [INFO] PluginManager:203 - loadIPPluginJar : add tracer_emb
2026-09-22 08:16:50,866 [INFO] IPUIPlugin:64 - create IPUIPlugin
2026-09-22 08:16:50,866 [INFO] PluginManager:203 - loadIPPluginJar : add ts
2026-09-22 08:16:50,890 [INFO] IPUIPlugin:64 - create IPUIPlugin
2026-09-22 08:16:50,890 [INFO] PluginManager:203 - loadIPPluginJar : add tsc
2026-09-22 08:16:50,906 [INFO] IPUIPlugin:64 - create IPUIPlugin
2026-09-22 08:16:50,906 [INFO] PluginManager:203 - loadIPPluginJar : add ucpd
2026-09-22 08:16:50,937 [INFO] IPUIPlugin:64 - create IPUIPlugin
2026-09-22 08:16:50,937 [INFO] PluginManager:203 - loadIPPluginJar : add usart
2026-09-22 08:16:51,129 [FATAL] Updater:284 - Updater called before beeing initialized
2026-09-22 08:16:51,191 [FATAL] Updater:284 - Updater called before beeing initialized
2026-09-22 08:16:51,223 [WARN] DetailPanel:347 - Failed to get advertising image, set to default
2026-09-22 08:16:51,223 [FATAL] Updater:284 - Updater called before beeing initialized
2026-09-22 08:16:51,223 [WARN] DetailPanel:347 - Failed to get advertising image, set to default
2026-09-22 08:16:51,238 [FATAL] Updater:284 - Updater called before beeing initialized
2026-09-22 08:16:51,238 [WARN] ThirdParty:783 - waiting for thirdparty lock release [close project]
2026-09-22 08:16:52,489 [INFO] ThirdPartyUpdaterWithRetryManager:56 - Updater plugin not ready yet. [2/15]
2026-09-22 08:16:55,501 [FATAL] Updater:284 - Updater called before beeing initialized
2026-09-22 08:16:55,502 [ERROR] AbstractThirdPartyUpdaterManager:153 - java.lang.Integer cannot be cast to java.util.List
2026-09-22 08:16:55,502 [INFO] ThirdParty:887 - Integrity check success = false
2026-09-22 08:16:55,502 [INFO] IntegrityCheckThread:75 - exiting critical section [integrity check]
2026-09-22 08:16:55,502 [INFO] IntegrityCheckThread:78 - End integrity checks thread
2026-09-22 08:16:55,502 [INFO] ThirdParty:785 - entering critical section [close project]
2026-09-22 08:16:55,502 [INFO] ThirdParty:796 - exiting critical section [close project]
2026-09-22 08:16:55,502 [INFO] PinOutPanel:1434 - setPackage(No Configuration,No Configuration)
2026-09-22 08:16:55,502 [FATAL] Updater:284 - Updater called before beeing initialized
2026-09-22 08:16:55,518 [ERROR] Updater:1065 - MainUpdater not yet initialized. External WinMGr cannot be set.
2026-09-22 08:16:55,534 [INFO] Updater:1002 - Updater Version found : 6.1.1
2026-09-22 08:16:55,549 [INFO] ApplicationProperties:181 - Using Application install path: C:\ST\STM32CubeIDE_1.5.1\STM32CubeIDE\plugins\com.st.stm32cube.common.mx_6.1.1.202012091304
2026-09-22 08:16:55,819 [INFO] MainUpdater:2644 - connection check result : 10
2026-09-22 08:16:55,819 [INFO] MainUpdater:249 - Updater Check For Update Now.
2026-09-22 08:16:55,819 [INFO] MicroXplorer:415 - Change Database Version : DB.6.0.10
2026-09-22 08:16:55,893 [INFO] CheckServerUpdateThread:102 - End of CheckServer Thread
2026-09-22 08:16:55,967 [INFO] MainUpdater:2644 - connection check result : 10
2026-09-22 08:16:56,337 [INFO] CrossSelectorPresenter:1330 - Cross Selector saved comparison directory: C:\Users\Alunos\.stmcufinder\plugins\mcufinder\mcu\cs_comparisons_mx
2026-09-22 08:16:56,337 [INFO] MultiScanPanel:198 - Auto-refresh data requested => check proxy status ongoing
2026-09-22 08:16:56,337 [INFO] FinderPluginLoader:87 - Searching for filters in installed packs
2026-09-22 08:16:56,337 [INFO] DbMcusXml:97 - Load MCU database from C:\ST\STM32CubeIDE_1.5.1\STM32CubeIDE\plugins\com.st.stm32cube.common.mx_6.1.1.202012091304\\db\/mcu/families.xml
2026-09-22 08:16:56,707 [INFO] DbMcusJson:92 - JSON generation date=Tue Nov 16 13:17:54 BRT 2021 (1637079474)
2026-09-22 08:16:57,157 [INFO] DbMcus:176 - Found 1835 MCUs (1796 are supported by CubeMX, 1920 are visible in CubeMX)
2026-09-22 08:16:57,165 [INFO] ApiDb:238 - Load user favorites file C:\Users\Alunos/.stm32cubeide/favorites.mcus.txt: 1 item(s)
2026-09-22 08:16:57,165 [INFO] ApiDb:242 - User favorites MCUs=[STM32F103C8Tx]
2026-09-22 08:16:57,165 [INFO] DbMcus:188 - Set 1 / 1 favorites MCUs
2026-09-22 08:16:57,440 [WARN] DetailPanel:347 - Failed to get advertising image, set to default
2026-09-22 08:16:57,610 [INFO] McuFilterPanel:245 - Update 1 favorites MCUs
2026-09-22 08:16:57,657 [INFO] DbBoardsPdsc:91 - Found 24 items
2026-09-22 08:16:57,676 [INFO] DbBoardsPdsc:91 - Found 9 items
2026-09-22 08:16:57,711 [INFO] DbBoardsPdsc:91 - Found 32 items
2026-09-22 08:16:57,726 [INFO] DbBoardsPdsc:91 - Found 1 items
2026-09-22 08:16:57,742 [INFO] DbBoardsPdsc:91 - Found 45 items
2026-09-22 08:16:57,742 [INFO] DbBoardsPdsc:91 - Found 41 items
2026-09-22 08:16:57,757 [INFO] DbBoardsPdsc:91 - Found 2 items
2026-09-22 08:16:57,757 [INFO] DbBoardsPdsc:91 - Found 4 items
2026-09-22 08:16:57,757 [WARN] DbBoardsPdsc:255 - Board STM32H7B3I-DK: unknown feature type=Audio, name=, username=Audio stereo codec with Headphone Amp (CS42L51-CNZ), n=1
2026-09-22 08:16:57,757 [WARN] DbBoardsPdsc:255 - Board STM32H735G-DK: unknown feature type=Audio, name=, username=Audio stereo codec with Headphone Amp (WM8994ECS/R), n=1
2026-09-22 08:16:57,773 [WARN] DbBoardsPdsc:255 - Board STM32H7B3I-EVAL: unknown feature type=Audio, name=, username=Multi-Channel Audio Codec (CS42L51-CNZ), n=1
2026-09-22 08:16:57,773 [WARN] DbBoardsPdsc:255 - Board STM32H7B3I-EVAL: unknown feature type=Meter, name=, username=Power-metering and Temperature-monitoring with sigma-delta modulators, n=1
2026-09-22 08:16:57,773 [WARN] DbBoardsPdsc:255 - Board STM32H7B3I-EVAL: unknown feature type=Motor, name=, username=Motor Control, n=1
2026-09-22 08:16:57,792 [INFO] DbBoardsJson:85 - JSON generation date=Tue Nov 16 13:17:54 BRT 2021 (1637079474)
2026-09-22 08:16:57,792 [INFO] DbBoards:118 - Found 168 boards (155 are supported by CubeMX)
2026-09-22 08:16:57,807 [INFO] DbBoardsDocs:145 - JSON generation date=Tue Nov 16 13:17:54 BRT 2021 (1637079474)
2026-09-22 08:16:57,807 [INFO] DbBoardsDocs:81 - Found 209 boards documents
2026-09-22 08:16:57,807 [WARN] DbBoards:128 - board B-L475E-IOT01A2 has no document id list !
2026-09-22 08:16:57,811 [WARN] DbBoards:128 - board NUCLEO-H743ZI has no document id list !
2026-09-22 08:16:57,811 [WARN] DbBoards:128 - board NUCLEO-WL55JC1 has no document id list !
2026-09-22 08:16:57,811 [WARN] DbBoards:128 - board NUCLEO-WL55JC2 has no document id list !
2026-09-22 08:16:57,811 [WARN] DbBoards:128 - board P-NUCLEO-WB55-Nucleo has no document id list !
2026-09-22 08:16:57,811 [WARN] DbBoards:128 - board P-NUCLEO-WB55-USBDongle has no document id list !
2026-09-22 08:16:57,811 [WARN] DbBoards:128 - board STEVAL-BFA001V1B has no document id list !
2026-09-22 08:16:57,811 [WARN] DbBoards:128 - board STEVAL-BFA001V2B has no document id list !
2026-09-22 08:16:57,811 [WARN] DbBoards:128 - board STEVAL-IDP005V1 has no document id list !
2026-09-22 08:16:57,811 [WARN] DbBoards:128 - board STEVAL-IDP005V2 has no document id list !
2026-09-22 08:16:57,811 [WARN] DbBoards:128 - board STEVAL-MKSBOX1V1 has no document id list !
2026-09-22 08:16:57,811 [WARN] DbBoards:128 - board STEVAL-STWINKT1 has no document id list !
2026-09-22 08:16:57,811 [WARN] DbBoards:128 - board STEVAL-STWINKT1B has no document id list !
2026-09-22 08:16:57,811 [WARN] DbBoards:128 - board STM32439I-EVAL2 has no document id list !
2026-09-22 08:16:57,811 [WARN] DbBoards:128 - board STM32F401C-DISCO has no document id list !
2026-09-22 08:16:57,811 [WARN] DbBoards:128 - board STM32F769I-DISC1 has no document id list !
2026-09-22 08:16:57,811 [WARN] DbBoards:128 - board STM32G474E-EVAL1 has no document id list !
2026-09-22 08:16:57,811 [WARN] DbBoards:128 - board STM32H743I-EVAL2 has no document id list !
2026-09-22 08:16:57,811 [WARN] DbBoards:128 - board STM32H747I-DISC1 has no document id list !
2026-09-22 08:16:57,811 [WARN] DbBoards:128 - board STM32H753I-EVAL2 has no document id list !
2026-09-22 08:16:57,811 [WARN] DbBoards:128 - board STM32L-DISCOVERY has no document id list !
2026-09-22 08:16:57,911 [ERROR] DbBoards:190 - Image file not found for board B-U585I-IOT02A: C:\ST\STM32CubeIDE_1.5.1\STM32CubeIDE\plugins\com.st.stm32cube.common.mx_6.1.1.202012091304\\db\/plugins/mcufinder/images/boards/B-U585I-IOT02A_small.jpg
2026-09-22 08:16:57,942 [ERROR] DbBoards:190 - Image file not found for board NUCLEO-F413ZH: C:\ST\STM32CubeIDE_1.5.1\STM32CubeIDE\plugins\com.st.stm32cube.common.mx_6.1.1.202012091304\\db\/plugins/mcufinder/images/boards/nucleo-f413zh_small.jpg
2026-09-22 08:16:58,011 [ERROR] DbBoards:190 - Image file not found for board NUCLEO-L552ZE-Q: C:\ST\STM32CubeIDE_1.5.1\STM32CubeIDE\plugins\com.st.stm32cube.common.mx_6.1.1.202012091304\\db\/plugins/mcufinder/images/boards/nucleo_l552ze_q_small.jpg
2026-09-22 08:16:58,011 [ERROR] DbBoards:190 - Image file not found for board NUCLEO-U575ZI-Q: C:\ST\STM32CubeIDE_1.5.1\STM32CubeIDE\plugins\com.st.stm32cube.common.mx_6.1.1.202012091304\\db\/plugins/mcufinder/images/boards/nucleo-u575zi-q_small.jpg
2026-09-22 08:16:58,011 [ERROR] DbBoards:190 - Image file not found for board NUCLEO-WB15CC: C:\ST\STM32CubeIDE_1.5.1\STM32CubeIDE\plugins\com.st.stm32cube.common.mx_6.1.1.202012091304\\db\/plugins/mcufinder/images/boards/nucleo-wb15cc_small.jpg
2026-09-22 08:16:58,011 [ERROR] DbBoards:190 - Image file not found for board NUCLEO-WB55RG: C:\ST\STM32CubeIDE_1.5.1\STM32CubeIDE\plugins\com.st.stm32cube.common.mx_6.1.1.202012091304\\db\/plugins/mcufinder/images/boards/nucleo-wb55rg_small.jpg
2026-09-22 08:16:58,011 [ERROR] DbBoards:190 - Image file not found for board NUCLEO-WL55JC: C:\ST\STM32CubeIDE_1.5.1\STM32CubeIDE\plugins\com.st.stm32cube.common.mx_6.1.1.202012091304\\db\/plugins/mcufinder/images/boards/nucleo-wl55jc-small.jpg
2026-09-22 08:16:58,143 [ERROR] DbBoards:190 - Image file not found for board STEVAL-STWINKT1B: C:\ST\STM32CubeIDE_1.5.1\STM32CubeIDE\plugins\com.st.stm32cube.common.mx_6.1.1.202012091304\\db\/plugins/mcufinder/images/boards/steval-stwinkt1b_small.jpg
2026-09-22 08:16:58,393 [ERROR] DbBoards:190 - Image file not found for board STM32H7B3I-EVAL: C:\ST\STM32CubeIDE_1.5.1\STM32CubeIDE\plugins\com.st.stm32cube.common.mx_6.1.1.202012091304\\db\/plugins/mcufinder/images/boards/stm32h7b3ieval_small.jpg
2026-09-22 08:16:58,493 [ERROR] DbBoards:190 - Image file not found for board STM32U575I-EV: C:\ST\STM32CubeIDE_1.5.1\STM32CubeIDE\plugins\com.st.stm32cube.common.mx_6.1.1.202012091304\\db\/plugins/mcufinder/images/boards/stm32u575i-ev_small.jpg
2026-09-22 08:16:58,513 [ERROR] DbBoards:190 - Image file not found for board STM32WB5MM-DK: C:\ST\STM32CubeIDE_1.5.1\STM32CubeIDE\plugins\com.st.stm32cube.common.mx_6.1.1.202012091304\\db\/plugins/mcufinder/images/boards/STM32WB5MM-DK_small.jpg
2026-09-22 08:16:58,513 [INFO] ApiDb:238 - Load user favorites file C:\Users\Alunos/.stm32cubeide/favorites.boards.txt: 0 item(s)
2026-09-22 08:16:58,513 [INFO] ApiDb:242 - User favorites Boards=[]
2026-09-22 08:16:58,513 [INFO] DbBoards:207 - Set 0 / 0 favorites Boards
2026-09-22 08:17:17,881 [INFO] RetryExec:97 - I/O exception (java.net.SocketException) caught when processing request to {}->http://sw-center.st.com:80: Socket Closed
2026-09-22 08:17:17,881 [INFO] RetryExec:113 - Retrying request to {}->http://sw-center.st.com:80
2026-09-22 08:17:22,898 [INFO] Activator:170 - 


2026-09-22 08:17:22,914 [INFO] Activator:171 - !SESSION log4j initialized
2026-09-22 08:17:48,133 [INFO] McuFinderGlobals:40 - Set McuFinder mode to 2 (CubeIDE integrated)
2026-09-22 08:17:48,218 [INFO] ApplicationProperties:181 - Using Application install path: C:\ST\STM32CubeIDE_1.5.1\STM32CubeIDE\plugins\com.st.stm32cube.common.mx_6.1.1.202012091304
2026-09-22 08:17:48,218 [INFO] DbMcusXml:71 - Set database path to: C:\ST\STM32CubeIDE_1.5.1\STM32CubeIDE\plugins\com.st.stm32cube.common.mx_6.1.1.202012091304\\db\/mcu/
2026-09-22 08:17:48,218 [INFO] DbBoardsPdsc:57 - Set plugin database path to: C:\ST\STM32CubeIDE_1.5.1\STM32CubeIDE\plugins\com.st.stm32cube.common.mx_6.1.1.202012091304\\db\/plugins/boardmanager/
2026-09-22 08:17:48,218 [INFO] DbMcus:259 - Set plugin images path to: C:\ST\STM32CubeIDE_1.5.1\STM32CubeIDE\plugins\com.st.stm32cube.common.mx_6.1.1.202012091304\\db\/plugins/mcufinder/images/
2026-09-22 08:17:48,218 [INFO] DbBoards:265 - Set plugin images path to: C:\ST\STM32CubeIDE_1.5.1\STM32CubeIDE\plugins\com.st.stm32cube.common.mx_6.1.1.202012091304\\db\/plugins/mcufinder/images/
2026-09-22 08:17:48,218 [INFO] DbExamples:329 - Set plugin images path to: C:\ST\STM32CubeIDE_1.5.1\STM32CubeIDE\plugins\com.st.stm32cube.common.mx_6.1.1.202012091304\\db\/plugins/mcufinder/images/
2026-09-22 08:17:48,218 [INFO] DbMcusDocs:112 - Set database path to: C:\Users\Alunos\.stmcufinder\plugins\mcufinder//mcu/
2026-09-22 08:17:48,218 [INFO] DbMcusJson:63 - Set database path to: C:\Users\Alunos\.stmcufinder\plugins\mcufinder//mcu/
2026-09-22 08:17:48,218 [INFO] DbBoardsDocs:112 - Set database path to: C:\Users\Alunos\.stmcufinder\plugins\mcufinder//mcu/
2026-09-22 08:17:48,218 [INFO] DbBoardsJson:56 - Set database path to: C:\Users\Alunos\.stmcufinder\plugins\mcufinder//mcu/
2026-09-22 08:17:48,253 [INFO] CrossReferenceDbSqlite:196 - Set database path to: C:\Users\Alunos\.stmcufinder\plugins\mcufinder//mcu/cs/
2026-09-22 08:17:48,253 [INFO] DbExamplesSqlite:699 - Set database path to: C:\Users\Alunos\.stmcufinder\plugins\mcufinder//mcu/
2026-09-22 08:17:48,302 [INFO] RulesReader:52 - Compatibility file has been processed (228 Rules)
2026-09-22 08:17:48,333 [INFO] MicroXplorer:565 - Detected Java Version = 1.8.0_272
2026-09-22 08:17:48,349 [INFO] DbMcusXml:71 - Set database path to: C:\ST\STM32CubeIDE_1.5.1\STM32CubeIDE\plugins\com.st.stm32cube.common.mx_6.1.1.202012091304\\db\/mcu/
2026-09-22 08:17:48,349 [INFO] DbBoardsPdsc:57 - Set plugin database path to: C:\ST\STM32CubeIDE_1.5.1\STM32CubeIDE\plugins\com.st.stm32cube.common.mx_6.1.1.202012091304\\db\/plugins/boardmanager/
2026-09-22 08:17:48,349 [INFO] DbMcus:259 - Set plugin images path to: C:\ST\STM32CubeIDE_1.5.1\STM32CubeIDE\plugins\com.st.stm32cube.common.mx_6.1.1.202012091304\\db\/plugins/mcufinder/images/
2026-09-22 08:17:48,349 [INFO] DbBoards:265 - Set plugin images path to: C:\ST\STM32CubeIDE_1.5.1\STM32CubeIDE\plugins\com.st.stm32cube.common.mx_6.1.1.202012091304\\db\/plugins/mcufinder/images/
2026-09-22 08:17:48,349 [INFO] DbExamples:329 - Set plugin images path to: C:\ST\STM32CubeIDE_1.5.1\STM32CubeIDE\plugins\com.st.stm32cube.common.mx_6.1.1.202012091304\\db\/plugins/mcufinder/images/
2026-09-22 08:17:48,349 [WARN] DbFile:36 - Overriding database path with different value: C:\Users\Alunos\.stmcufinder\plugins\mcufinder/ => C:\Users\Alunos\.stmcufinder\plugins\mcufinder
2026-09-22 08:17:48,349 [INFO] DbMcusDocs:112 - Set database path to: C:\Users\Alunos\.stmcufinder\plugins\mcufinder//mcu/
2026-09-22 08:17:48,349 [WARN] DbFile:36 - Overriding database path with different value: C:\Users\Alunos\.stmcufinder\plugins\mcufinder/ => C:\Users\Alunos\.stmcufinder\plugins\mcufinder
2026-09-22 08:17:48,349 [INFO] DbMcusJson:63 - Set database path to: C:\Users\Alunos\.stmcufinder\plugins\mcufinder//mcu/
2026-09-22 08:17:48,349 [WARN] DbFile:36 - Overriding database path with different value: C:\Users\Alunos\.stmcufinder\plugins\mcufinder/ => C:\Users\Alunos\.stmcufinder\plugins\mcufinder
2026-09-22 08:17:48,349 [INFO] DbBoardsDocs:112 - Set database path to: C:\Users\Alunos\.stmcufinder\plugins\mcufinder//mcu/
2026-09-22 08:17:48,349 [WARN] DbFile:36 - Overriding database path with different value: C:\Users\Alunos\.stmcufinder\plugins\mcufinder/ => C:\Users\Alunos\.stmcufinder\plugins\mcufinder
2026-09-22 08:17:48,349 [INFO] DbBoardsJson:56 - Set database path to: C:\Users\Alunos\.stmcufinder\plugins\mcufinder//mcu/
2026-09-22 08:17:48,349 [WARN] DbFile:36 - Overriding database path with different value: C:\Users\Alunos\.stmcufinder\plugins\mcufinder/ => C:\Users\Alunos\.stmcufinder\plugins\mcufinder
2026-09-22 08:17:48,349 [WARN] DbFile:36 - Overriding database path with different value: C:\Users\Alunos\.stmcufinder\plugins\mcufinder/ => C:\Users\Alunos\.stmcufinder\plugins\mcufinder
2026-09-22 08:17:48,349 [INFO] CrossReferenceDbSqlite:196 - Set database path to: C:\Users\Alunos\.stmcufinder\plugins\mcufinder//mcu/cs/
2026-09-22 08:17:48,349 [WARN] DbFile:36 - Overriding database path with different value: C:\Users\Alunos\.stmcufinder\plugins\mcufinder/ => C:\Users\Alunos\.stmcufinder\plugins\mcufinder
2026-09-22 08:17:48,349 [INFO] DbExamplesSqlite:699 - Set database path to: C:\Users\Alunos\.stmcufinder\plugins\mcufinder//mcu/
2026-09-22 08:17:48,374 [INFO] MainPanel:190 - HeapMemory: 307232768
2026-09-22 08:17:48,403 [INFO] DbMcusXml:71 - Set database path to: C:\ST\STM32CubeIDE_1.5.1\STM32CubeIDE\plugins\com.st.stm32cube.common.mx_6.1.1.202012091304\\db\/mcu/
2026-09-22 08:17:48,403 [INFO] DbBoardsPdsc:57 - Set plugin database path to: C:\ST\STM32CubeIDE_1.5.1\STM32CubeIDE\plugins\com.st.stm32cube.common.mx_6.1.1.202012091304\\db\/plugins/boardmanager/
2026-09-22 08:17:48,403 [INFO] DbMcus:259 - Set plugin images path to: C:\ST\STM32CubeIDE_1.5.1\STM32CubeIDE\plugins\com.st.stm32cube.common.mx_6.1.1.202012091304\\db\/plugins/mcufinder/images/
2026-09-22 08:17:48,403 [INFO] DbBoards:265 - Set plugin images path to: C:\ST\STM32CubeIDE_1.5.1\STM32CubeIDE\plugins\com.st.stm32cube.common.mx_6.1.1.202012091304\\db\/plugins/mcufinder/images/
2026-09-22 08:17:48,403 [INFO] DbExamples:329 - Set plugin images path to: C:\ST\STM32CubeIDE_1.5.1\STM32CubeIDE\plugins\com.st.stm32cube.common.mx_6.1.1.202012091304\\db\/plugins/mcufinder/images/
2026-09-22 08:17:48,403 [WARN] DbFile:36 - Overriding database path with different value: C:\Users\Alunos\.stmcufinder\plugins\mcufinder/ => C:\Users\Alunos\.stmcufinder\plugins\mcufinder
2026-09-22 08:17:48,403 [INFO] DbMcusDocs:112 - Set database path to: C:\Users\Alunos\.stmcufinder\plugins\mcufinder//mcu/
2026-09-22 08:17:48,403 [WARN] DbFile:36 - Overriding database path with different value: C:\Users\Alunos\.stmcufinder\plugins\mcufinder/ => C:\Users\Alunos\.stmcufinder\plugins\mcufinder
2026-09-22 08:17:48,403 [INFO] DbMcusJson:63 - Set database path to: C:\Users\Alunos\.stmcufinder\plugins\mcufinder//mcu/
2026-09-22 08:17:48,403 [WARN] DbFile:36 - Overriding database path with different value: C:\Users\Alunos\.stmcufinder\plugins\mcufinder/ => C:\Users\Alunos\.stmcufinder\plugins\mcufinder
2026-09-22 08:17:48,403 [INFO] DbBoardsDocs:112 - Set database path to: C:\Users\Alunos\.stmcufinder\plugins\mcufinder//mcu/
2026-09-22 08:17:48,403 [WARN] DbFile:36 - Overriding database path with different value: C:\Users\Alunos\.stmcufinder\plugins\mcufinder/ => C:\Users\Alunos\.stmcufinder\plugins\mcufinder
2026-09-22 08:17:48,403 [INFO] DbBoardsJson:56 - Set database path to: C:\Users\Alunos\.stmcufinder\plugins\mcufinder//mcu/
2026-09-22 08:17:48,403 [WARN] DbFile:36 - Overriding database path with different value: C:\Users\Alunos\.stmcufinder\plugins\mcufinder/ => C:\Users\Alunos\.stmcufinder\plugins\mcufinder
2026-09-22 08:17:48,403 [WARN] DbFile:36 - Overriding database path with different value: C:\Users\Alunos\.stmcufinder\plugins\mcufinder/ => C:\Users\Alunos\.stmcufinder\plugins\mcufinder
2026-09-22 08:17:48,403 [INFO] CrossReferenceDbSqlite:196 - Set database path to: C:\Users\Alunos\.stmcufinder\plugins\mcufinder//mcu/cs/
2026-09-22 08:17:48,403 [WARN] DbFile:36 - Overriding database path with different value: C:\Users\Alunos\.stmcufinder\plugins\mcufinder/ => C:\Users\Alunos\.stmcufinder\plugins\mcufinder
2026-09-22 08:17:48,403 [INFO] DbExamplesSqlite:699 - Set database path to: C:\Users\Alunos\.stmcufinder\plugins\mcufinder//mcu/
2026-09-22 08:17:48,419 [INFO] ApplicationProperties:181 - Using Application install path: C:\ST\STM32CubeIDE_1.5.1\STM32CubeIDE\plugins\com.st.stm32cube.common.mx_6.1.1.202012091304
2026-09-22 08:17:48,419 [INFO] PluginManage:178 - Search for loadable plugins [exclusion list=, ]
2026-09-22 08:17:48,419 [INFO] PluginManage:292 - Check plugin analytics
2026-09-22 08:17:48,490 [INFO] AnalyticsPlugin:225 - Accepted Software Licenses: 
2026-09-22 08:17:48,490 [INFO] AnalyticsPlugin:227 - Accepted CMSIS Pack Licenses: 
2026-09-22 08:17:48,490 [INFO] AnalyticsPlugin:229 - Accepted Firmware Licenses: 
2026-09-22 08:17:48,490 [INFO] PluginManage:342 - Loaded plugin analytics (category:tool,tabindex:-1)
2026-09-22 08:17:48,490 [INFO] PluginManage:292 - Check plugin clock
2026-09-22 08:17:48,503 [INFO] PluginManage:342 - Loaded plugin clock (category:base,tabindex:2)
2026-09-22 08:17:48,503 [INFO] PluginManage:292 - Check plugin ddr
2026-09-22 08:17:48,503 [INFO] PluginManage:342 - Loaded plugin ddr (category:tool,tabindex:6)
2026-09-22 08:17:48,503 [INFO] PluginManage:292 - Check plugin filemanager
2026-09-22 08:17:48,554 [INFO] PluginManage:342 - Loaded plugin filemanager (category:base,tabindex:10)
2026-09-22 08:17:48,554 [INFO] PluginManage:292 - Check plugin ipmanager
2026-09-22 08:17:48,570 [INFO] PluginManage:342 - Loaded plugin ipmanager (category:base,tabindex:5)
2026-09-22 08:17:48,570 [INFO] PluginManage:292 - Check plugin pinoutandconfiguration
2026-09-22 08:17:48,574 [INFO] PluginManage:342 - Loaded plugin pinoutandconfiguration (category:base,tabindex:1)
2026-09-22 08:17:48,574 [INFO] PluginManage:292 - Check plugin pinoutconfig
2026-09-22 08:17:48,574 [INFO] PluginManage:342 - Loaded plugin pinoutconfig (category:base,tabindex:0)
2026-09-22 08:17:48,574 [INFO] PluginManage:292 - Check plugin power
2026-09-22 08:17:48,590 [INFO] PluginManage:342 - Loaded plugin power (category:power,tabindex:4)
2026-09-22 08:17:48,590 [INFO] PluginManage:292 - Check plugin projectmanager
2026-09-22 08:17:48,590 [INFO] PluginManage:342 - Loaded plugin projectmanager (category:projectmanager,tabindex:3)
2026-09-22 08:17:48,590 [INFO] PluginManage:292 - Check plugin thirdparty
2026-09-22 08:17:48,654 [INFO] PluginManage:342 - Loaded plugin thirdparty (category:base,tabindex:-1)
2026-09-22 08:17:48,654 [INFO] PluginManage:292 - Check plugin tools
2026-09-22 08:17:48,654 [WARN] IntegrityCheckThread:59 - waiting for thirdparty lock release [integrity check]
2026-09-22 08:17:48,654 [INFO] IntegrityCheckThread:61 - entering critical section [integrity check]
2026-09-22 08:17:48,654 [INFO] ThirdPartyUpdaterWithRetryManager:56 - Updater plugin not ready yet. [1/15]
2026-09-22 08:17:48,654 [INFO] PluginManage:342 - Loaded plugin tools (category:base,tabindex:7)
2026-09-22 08:17:48,654 [INFO] PluginManage:292 - Check plugin tutovideos
2026-09-22 08:17:48,790 [INFO] PluginManage:342 - Loaded plugin tutovideos (category:base,tabindex:-1)
2026-09-22 08:17:48,790 [INFO] PluginManage:292 - Check plugin updater
2026-09-22 08:17:48,790 [INFO] PluginManage:342 - Loaded plugin updater (category:base,tabindex:12)
2026-09-22 08:17:48,790 [INFO] PluginManage:265 - PluginManage : Loaded plugins [13]
2026-09-22 08:17:48,875 [INFO] PinOutPanel:1434 - setPackage(No Configuration,No Configuration)
2026-09-22 08:17:48,920 [INFO] IPUIPlugin:64 - create IPUIPlugin
2026-09-22 08:17:48,920 [INFO] PluginManager:203 - loadIPPluginJar : add adc
2026-09-22 08:17:48,935 [INFO] IPUIPlugin:64 - create IPUIPlugin
2026-09-22 08:17:48,935 [INFO] PluginManager:203 - loadIPPluginJar : add aes
2026-09-22 08:17:48,935 [INFO] IPUIPlugin:64 - create IPUIPlugin
2026-09-22 08:17:48,935 [INFO] PluginManager:203 - loadIPPluginJar : add can
2026-09-22 08:17:48,935 [INFO] IPUIPlugin:64 - create IPUIPlugin
2026-09-22 08:17:48,935 [INFO] PluginManager:203 - loadIPPluginJar : add comp
2026-09-22 08:17:48,935 [INFO] IPUIPlugin:64 - create IPUIPlugin
2026-09-22 08:17:48,935 [INFO] PluginManager:203 - loadIPPluginJar : add cryp
2026-09-22 08:17:48,935 [INFO] IPUIPlugin:64 - create IPUIPlugin
2026-09-22 08:17:48,935 [INFO] PluginManager:203 - loadIPPluginJar : add dfsdm
2026-09-22 08:17:48,935 [INFO] IPUIPlugin:64 - create IPUIPlugin
2026-09-22 08:17:48,935 [INFO] PluginManager:203 - loadIPPluginJar : add dma
2026-09-22 08:17:48,935 [INFO] IPUIPlugin:64 - create IPUIPlugin
2026-09-22 08:17:48,935 [INFO] PluginManager:203 - loadIPPluginJar : add fatfs
2026-09-22 08:17:48,935 [INFO] IPUIPlugin:64 - create IPUIPlugin
2026-09-22 08:17:48,935 [INFO] PluginManager:203 - loadIPPluginJar : add fmc
2026-09-22 08:17:48,935 [INFO] IPUIPlugin:64 - create IPUIPlugin
2026-09-22 08:17:48,951 [INFO] PluginManager:203 - loadIPPluginJar : add freertos
2026-09-22 08:17:48,951 [INFO] IPUIPlugin:64 - create IPUIPlugin
2026-09-22 08:17:48,951 [INFO] PluginManager:203 - loadIPPluginJar : add genericplugin
2026-09-22 08:17:48,951 [INFO] IPUIPlugin:64 - create IPUIPlugin
2026-09-22 08:17:48,951 [INFO] PluginManager:203 - loadIPPluginJar : add gfxmmu
2026-09-22 08:17:48,954 [INFO] IPUIPlugin:64 - create IPUIPlugin
2026-09-22 08:17:48,954 [INFO] PluginManager:203 - loadIPPluginJar : add gic
2026-09-22 08:17:48,956 [INFO] IPUIPlugin:64 - create IPUIPlugin
2026-09-22 08:17:48,956 [INFO] PluginManager:203 - loadIPPluginJar : add gpio
2026-09-22 08:17:48,956 [INFO] IPUIPlugin:64 - create IPUIPlugin
2026-09-22 08:17:48,956 [INFO] PluginManager:203 - loadIPPluginJar : add gtzc
2026-09-22 08:17:48,956 [INFO] IPUIPlugin:64 - create IPUIPlugin
2026-09-22 08:17:48,956 [INFO] PluginManager:203 - loadIPPluginJar : add hash
2026-09-22 08:17:48,956 [INFO] IPUIPlugin:64 - create IPUIPlugin
2026-09-22 08:17:48,956 [INFO] PluginManager:203 - loadIPPluginJar : add i2c
2026-09-22 08:17:48,956 [INFO] IPUIPlugin:64 - create IPUIPlugin
2026-09-22 08:17:48,956 [INFO] PluginManager:203 - loadIPPluginJar : add i2s
2026-09-22 08:17:48,956 [INFO] IPUIPlugin:64 - create IPUIPlugin
2026-09-22 08:17:48,956 [INFO] PluginManager:203 - loadIPPluginJar : add ipddr
2026-09-22 08:17:48,964 [INFO] IPUIPlugin:64 - create IPUIPlugin
2026-09-22 08:17:48,964 [INFO] PluginManager:203 - loadIPPluginJar : add lorawan
2026-09-22 08:17:48,964 [INFO] IPUIPlugin:64 - create IPUIPlugin
2026-09-22 08:17:48,964 [INFO] PluginManager:203 - loadIPPluginJar : add ltdc
2026-09-22 08:17:48,964 [INFO] IPUIPlugin:64 - create IPUIPlugin
2026-09-22 08:17:48,964 [INFO] PluginManager:203 - loadIPPluginJar : add mdma
2026-09-22 08:17:48,964 [INFO] IPUIPlugin:64 - create IPUIPlugin
2026-09-22 08:17:48,964 [INFO] PluginManager:203 - loadIPPluginJar : add nvic
2026-09-22 08:17:48,964 [INFO] IPUIPlugin:64 - create IPUIPlugin
2026-09-22 08:17:48,964 [INFO] PluginManager:203 - loadIPPluginJar : add opamp
2026-09-22 08:17:48,964 [INFO] IPUIPlugin:64 - create IPUIPlugin
2026-09-22 08:17:48,964 [INFO] PluginManager:203 - loadIPPluginJar : add openamp
2026-09-22 08:17:48,964 [INFO] IPUIPlugin:64 - create IPUIPlugin
2026-09-22 08:17:48,964 [INFO] PluginManager:203 - loadIPPluginJar : add pdm2pcm
2026-09-22 08:17:48,975 [INFO] IPUIPlugin:64 - create IPUIPlugin
2026-09-22 08:17:48,977 [INFO] PluginManager:203 - loadIPPluginJar : add plateformsettings
2026-09-22 08:17:48,977 [INFO] IPUIPlugin:64 - create IPUIPlugin
2026-09-22 08:17:48,977 [INFO] PluginManager:203 - loadIPPluginJar : add quadspi
2026-09-22 08:17:48,977 [INFO] IPUIPlugin:64 - create IPUIPlugin
2026-09-22 08:17:48,977 [INFO] PluginManager:203 - loadIPPluginJar : add resmgrutility
2026-09-22 08:17:48,977 [INFO] IPUIPlugin:64 - create IPUIPlugin
2026-09-22 08:17:48,977 [INFO] PluginManager:203 - loadIPPluginJar : add sai
2026-09-22 08:17:48,977 [INFO] IPUIPlugin:64 - create IPUIPlugin
2026-09-22 08:17:48,977 [INFO] PluginManager:203 - loadIPPluginJar : add spi
2026-09-22 08:17:48,977 [INFO] IPUIPlugin:64 - create IPUIPlugin
2026-09-22 08:17:48,977 [INFO] PluginManager:203 - loadIPPluginJar : add stm32_wpan
2026-09-22 08:17:48,985 [INFO] IPUIPlugin:64 - create IPUIPlugin
2026-09-22 08:17:48,985 [INFO] PluginManager:203 - loadIPPluginJar : add tim
2026-09-22 08:17:48,985 [INFO] IPUIPlugin:64 - create IPUIPlugin
2026-09-22 08:17:48,985 [INFO] PluginManager:203 - loadIPPluginJar : add touchsensing
2026-09-22 08:17:48,987 [INFO] IPUIPlugin:64 - create IPUIPlugin
2026-09-22 08:17:48,987 [INFO] PluginManager:203 - loadIPPluginJar : add tracer_emb
2026-09-22 08:17:48,987 [INFO] IPUIPlugin:64 - create IPUIPlugin
2026-09-22 08:17:48,987 [INFO] PluginManager:203 - loadIPPluginJar : add ts
2026-09-22 08:17:48,987 [INFO] IPUIPlugin:64 - create IPUIPlugin
2026-09-22 08:17:48,987 [INFO] PluginManager:203 - loadIPPluginJar : add tsc
2026-09-22 08:17:48,987 [INFO] IPUIPlugin:64 - create IPUIPlugin
2026-09-22 08:17:48,987 [INFO] PluginManager:203 - loadIPPluginJar : add ucpd
2026-09-22 08:17:48,987 [INFO] IPUIPlugin:64 - create IPUIPlugin
2026-09-22 08:17:48,987 [INFO] PluginManager:203 - loadIPPluginJar : add usart
2026-09-22 08:17:49,191 [FATAL] Updater:284 - Updater called before beeing initialized
2026-09-22 08:17:49,246 [FATAL] Updater:284 - Updater called before beeing initialized
2026-09-22 08:17:49,262 [WARN] DetailPanel:347 - Failed to get advertising image, set to default
2026-09-22 08:17:49,262 [FATAL] Updater:284 - Updater called before beeing initialized
2026-09-22 08:17:49,262 [WARN] DetailPanel:347 - Failed to get advertising image, set to default
2026-09-22 08:17:49,276 [FATAL] Updater:284 - Updater called before beeing initialized
2026-09-22 08:17:49,276 [WARN] ThirdParty:783 - waiting for thirdparty lock release [close project]
2026-09-22 08:17:51,656 [INFO] ThirdPartyUpdaterWithRetryManager:56 - Updater plugin not ready yet. [2/15]
2026-09-22 08:17:54,661 [FATAL] Updater:284 - Updater called before beeing initialized
2026-09-22 08:17:54,661 [ERROR] AbstractThirdPartyUpdaterManager:153 - java.lang.Integer cannot be cast to java.util.List
2026-09-22 08:17:54,661 [INFO] ThirdParty:887 - Integrity check success = false
2026-09-22 08:17:54,661 [INFO] IntegrityCheckThread:75 - exiting critical section [integrity check]
2026-09-22 08:17:54,661 [INFO] IntegrityCheckThread:78 - End integrity checks thread
2026-09-22 08:17:54,661 [INFO] ThirdParty:785 - entering critical section [close project]
2026-09-22 08:17:54,661 [INFO] ThirdParty:796 - exiting critical section [close project]
2026-09-22 08:17:54,661 [INFO] PinOutPanel:1434 - setPackage(No Configuration,No Configuration)
2026-09-22 08:17:54,661 [FATAL] Updater:284 - Updater called before beeing initialized
2026-09-22 08:17:54,661 [ERROR] Updater:1065 - MainUpdater not yet initialized. External WinMGr cannot be set.
2026-09-22 08:17:54,661 [INFO] Updater:1002 - Updater Version found : 6.1.1
2026-09-22 08:17:54,676 [INFO] ApplicationProperties:181 - Using Application install path: C:\ST\STM32CubeIDE_1.5.1\STM32CubeIDE\plugins\com.st.stm32cube.common.mx_6.1.1.202012091304
2026-09-22 08:17:54,848 [INFO] MainUpdater:2644 - connection check result : 10
2026-09-22 08:17:54,848 [INFO] MainUpdater:249 - Updater Check For Update Now.
2026-09-22 08:17:54,848 [INFO] MicroXplorer:415 - Change Database Version : DB.6.0.10
2026-09-22 08:17:54,897 [INFO] CheckServerUpdateThread:102 - End of CheckServer Thread
2026-09-22 08:17:54,957 [INFO] MainUpdater:2644 - connection check result : 10
2026-09-22 08:17:55,244 [INFO] CrossSelectorPresenter:1330 - Cross Selector saved comparison directory: C:\Users\Alunos\.stmcufinder\plugins\mcufinder\mcu\cs_comparisons_mx
2026-09-22 08:17:55,244 [INFO] MultiScanPanel:198 - Auto-refresh data requested => check proxy status ongoing
2026-09-22 08:17:55,260 [INFO] FinderPluginLoader:87 - Searching for filters in installed packs
2026-09-22 08:17:55,260 [INFO] DbMcusXml:97 - Load MCU database from C:\ST\STM32CubeIDE_1.5.1\STM32CubeIDE\plugins\com.st.stm32cube.common.mx_6.1.1.202012091304\\db\/mcu/families.xml
2026-09-22 08:17:55,626 [INFO] DbMcusJson:92 - JSON generation date=Tue Nov 16 13:17:54 BRT 2021 (1637079474)
2026-09-22 08:17:56,091 [INFO] DbMcus:176 - Found 1835 MCUs (1796 are supported by CubeMX, 1920 are visible in CubeMX)
2026-09-22 08:17:56,091 [INFO] ApiDb:238 - Load user favorites file C:\Users\Alunos/.stm32cubeide/favorites.mcus.txt: 1 item(s)
2026-09-22 08:17:56,091 [INFO] ApiDb:242 - User favorites MCUs=[STM32F103C8Tx]
2026-09-22 08:17:56,091 [INFO] DbMcus:188 - Set 1 / 1 favorites MCUs
2026-09-22 08:17:56,306 [WARN] DetailPanel:347 - Failed to get advertising image, set to default
2026-09-22 08:17:56,460 [INFO] McuFilterPanel:245 - Update 1 favorites MCUs
2026-09-22 08:17:56,502 [INFO] DbBoardsPdsc:91 - Found 24 items
2026-09-22 08:17:56,502 [INFO] DbBoardsPdsc:91 - Found 9 items
2026-09-22 08:17:56,502 [INFO] DbBoardsPdsc:91 - Found 32 items
2026-09-22 08:17:56,507 [INFO] DbBoardsPdsc:91 - Found 1 items
2026-09-22 08:17:56,507 [INFO] DbBoardsPdsc:91 - Found 45 items
2026-09-22 08:17:56,507 [INFO] DbBoardsPdsc:91 - Found 41 items
2026-09-22 08:17:56,507 [INFO] DbBoardsPdsc:91 - Found 2 items
2026-09-22 08:17:56,507 [INFO] DbBoardsPdsc:91 - Found 4 items
2026-09-22 08:17:56,507 [WARN] DbBoardsPdsc:255 - Board STM32H7B3I-DK: unknown feature type=Audio, name=, username=Audio stereo codec with Headphone Amp (CS42L51-CNZ), n=1
2026-09-22 08:17:56,507 [WARN] DbBoardsPdsc:255 - Board STM32H735G-DK: unknown feature type=Audio, name=, username=Audio stereo codec with Headphone Amp (WM8994ECS/R), n=1
2026-09-22 08:17:56,507 [WARN] DbBoardsPdsc:255 - Board STM32H7B3I-EVAL: unknown feature type=Audio, name=, username=Multi-Channel Audio Codec (CS42L51-CNZ), n=1
2026-09-22 08:17:56,507 [WARN] DbBoardsPdsc:255 - Board STM32H7B3I-EVAL: unknown feature type=Meter, name=, username=Power-metering and Temperature-monitoring with sigma-delta modulators, n=1
2026-09-22 08:17:56,507 [WARN] DbBoardsPdsc:255 - Board STM32H7B3I-EVAL: unknown feature type=Motor, name=, username=Motor Control, n=1
2026-09-22 08:17:56,522 [INFO] DbBoardsJson:85 - JSON generation date=Tue Nov 16 13:17:54 BRT 2021 (1637079474)
2026-09-22 08:17:56,522 [INFO] DbBoards:118 - Found 168 boards (155 are supported by CubeMX)
2026-09-22 08:17:56,532 [INFO] DbBoardsDocs:145 - JSON generation date=Tue Nov 16 13:17:54 BRT 2021 (1637079474)
2026-09-22 08:17:56,532 [INFO] DbBoardsDocs:81 - Found 209 boards documents
2026-09-22 08:17:56,532 [WARN] DbBoards:128 - board B-L475E-IOT01A2 has no document id list !
2026-09-22 08:17:56,532 [WARN] DbBoards:128 - board NUCLEO-H743ZI has no document id list !
2026-09-22 08:17:56,532 [WARN] DbBoards:128 - board NUCLEO-WL55JC1 has no document id list !
2026-09-22 08:17:56,532 [WARN] DbBoards:128 - board NUCLEO-WL55JC2 has no document id list !
2026-09-22 08:17:56,532 [WARN] DbBoards:128 - board P-NUCLEO-WB55-Nucleo has no document id list !
2026-09-22 08:17:56,532 [WARN] DbBoards:128 - board P-NUCLEO-WB55-USBDongle has no document id list !
2026-09-22 08:17:56,532 [WARN] DbBoards:128 - board STEVAL-BFA001V1B has no document id list !
2026-09-22 08:17:56,532 [WARN] DbBoards:128 - board STEVAL-BFA001V2B has no document id list !
2026-09-22 08:17:56,532 [WARN] DbBoards:128 - board STEVAL-IDP005V1 has no document id list !
2026-09-22 08:17:56,532 [WARN] DbBoards:128 - board STEVAL-IDP005V2 has no document id list !
2026-09-22 08:17:56,532 [WARN] DbBoards:128 - board STEVAL-MKSBOX1V1 has no document id list !
2026-09-22 08:17:56,532 [WARN] DbBoards:128 - board STEVAL-STWINKT1 has no document id list !
2026-09-22 08:17:56,532 [WARN] DbBoards:128 - board STEVAL-STWINKT1B has no document id list !
2026-09-22 08:17:56,532 [WARN] DbBoards:128 - board STM32439I-EVAL2 has no document id list !
2026-09-22 08:17:56,532 [WARN] DbBoards:128 - board STM32F401C-DISCO has no document id list !
2026-09-22 08:17:56,532 [WARN] DbBoards:128 - board STM32F769I-DISC1 has no document id list !
2026-09-22 08:17:56,532 [WARN] DbBoards:128 - board STM32G474E-EVAL1 has no document id list !
2026-09-22 08:17:56,532 [WARN] DbBoards:128 - board STM32H743I-EVAL2 has no document id list !
2026-09-22 08:17:56,532 [WARN] DbBoards:128 - board STM32H747I-DISC1 has no document id list !
2026-09-22 08:17:56,532 [WARN] DbBoards:128 - board STM32H753I-EVAL2 has no document id list !
2026-09-22 08:17:56,532 [WARN] DbBoards:128 - board STM32L-DISCOVERY has no document id list !
2026-09-22 08:17:56,632 [ERROR] DbBoards:190 - Image file not found for board B-U585I-IOT02A: C:\ST\STM32CubeIDE_1.5.1\STM32CubeIDE\plugins\com.st.stm32cube.common.mx_6.1.1.202012091304\\db\/plugins/mcufinder/images/boards/B-U585I-IOT02A_small.jpg
2026-09-22 08:17:56,670 [ERROR] DbBoards:190 - Image file not found for board NUCLEO-F413ZH: C:\ST\STM32CubeIDE_1.5.1\STM32CubeIDE\plugins\com.st.stm32cube.common.mx_6.1.1.202012091304\\db\/plugins/mcufinder/images/boards/nucleo-f413zh_small.jpg
2026-09-22 08:17:56,764 [ERROR] DbBoards:190 - Image file not found for board NUCLEO-L552ZE-Q: C:\ST\STM32CubeIDE_1.5.1\STM32CubeIDE\plugins\com.st.stm32cube.common.mx_6.1.1.202012091304\\db\/plugins/mcufinder/images/boards/nucleo_l552ze_q_small.jpg
2026-09-22 08:17:56,764 [ERROR] DbBoards:190 - Image file not found for board NUCLEO-U575ZI-Q: C:\ST\STM32CubeIDE_1.5.1\STM32CubeIDE\plugins\com.st.stm32cube.common.mx_6.1.1.202012091304\\db\/plugins/mcufinder/images/boards/nucleo-u575zi-q_small.jpg
2026-09-22 08:17:56,764 [ERROR] DbBoards:190 - Image file not found for board NUCLEO-WB15CC: C:\ST\STM32CubeIDE_1.5.1\STM32CubeIDE\plugins\com.st.stm32cube.common.mx_6.1.1.202012091304\\db\/plugins/mcufinder/images/boards/nucleo-wb15cc_small.jpg
2026-09-22 08:17:56,764 [ERROR] DbBoards:190 - Image file not found for board NUCLEO-WB55RG: C:\ST\STM32CubeIDE_1.5.1\STM32CubeIDE\plugins\com.st.stm32cube.common.mx_6.1.1.202012091304\\db\/plugins/mcufinder/images/boards/nucleo-wb55rg_small.jpg
2026-09-22 08:17:56,764 [ERROR] DbBoards:190 - Image file not found for board NUCLEO-WL55JC: C:\ST\STM32CubeIDE_1.5.1\STM32CubeIDE\plugins\com.st.stm32cube.common.mx_6.1.1.202012091304\\db\/plugins/mcufinder/images/boards/nucleo-wl55jc-small.jpg
2026-09-22 08:17:56,888 [ERROR] DbBoards:190 - Image file not found for board STEVAL-STWINKT1B: C:\ST\STM32CubeIDE_1.5.1\STM32CubeIDE\plugins\com.st.stm32cube.common.mx_6.1.1.202012091304\\db\/plugins/mcufinder/images/boards/steval-stwinkt1b_small.jpg
2026-09-22 08:17:57,120 [ERROR] DbBoards:190 - Image file not found for board STM32H7B3I-EVAL: C:\ST\STM32CubeIDE_1.5.1\STM32CubeIDE\plugins\com.st.stm32cube.common.mx_6.1.1.202012091304\\db\/plugins/mcufinder/images/boards/stm32h7b3ieval_small.jpg
2026-09-22 08:17:57,204 [ERROR] DbBoards:190 - Image file not found for board STM32U575I-EV: C:\ST\STM32CubeIDE_1.5.1\STM32CubeIDE\plugins\com.st.stm32cube.common.mx_6.1.1.202012091304\\db\/plugins/mcufinder/images/boards/stm32u575i-ev_small.jpg
2026-09-22 08:17:57,220 [ERROR] DbBoards:190 - Image file not found for board STM32WB5MM-DK: C:\ST\STM32CubeIDE_1.5.1\STM32CubeIDE\plugins\com.st.stm32cube.common.mx_6.1.1.202012091304\\db\/plugins/mcufinder/images/boards/STM32WB5MM-DK_small.jpg
2026-09-22 08:17:57,220 [INFO] ApiDb:238 - Load user favorites file C:\Users\Alunos/.stm32cubeide/favorites.boards.txt: 0 item(s)
2026-09-22 08:17:57,220 [INFO] ApiDb:242 - User favorites Boards=[]
2026-09-22 08:17:57,220 [INFO] DbBoards:207 - Set 0 / 0 favorites Boards
2026-09-22 08:18:04,549 [INFO] ApiDb:263 - Save user favorites file C:\Users\Alunos/.stm32cubeide/favorites.mcus.txt: 1 item(s)
2026-09-22 08:18:04,549 [INFO] ApiDb:267 - User favorites MCUs=[STM32F103C8Tx]
2026-09-22 08:18:04,811 [ERROR] LogOutputStream:74 - [STDERR_REDIRECT] Exception in thread "AWT-EventQueue-0" java.lang.NullPointerException
2026-09-22 08:18:04,811 [ERROR] LogOutputStream:74 - [STDERR_REDIRECT] 	at com.st.stm32cube.common.mx.targetselector.TargetSelectorAdapter$6.run(TargetSelectorAdapter.java:298)
2026-09-22 08:18:04,827 [ERROR] LogOutputStream:74 - [STDERR_REDIRECT] 	at com.st.stm32cube.common.mx.oss.core.awtswtbridge.AwtEnvironment$2.run(AwtEnvironment.java:166)
2026-09-22 08:18:04,827 [ERROR] LogOutputStream:74 - [STDERR_REDIRECT] 	at java.awt.event.InvocationEvent.dispatch(InvocationEvent.java:311)
2026-09-22 08:18:04,827 [ERROR] LogOutputStream:74 - [STDERR_REDIRECT] 	at java.awt.EventQueue.dispatchEventImpl(EventQueue.java:758)
2026-09-22 08:18:04,827 [ERROR] LogOutputStream:74 - [STDERR_REDIRECT] 	at java.awt.EventQueue.access$500(EventQueue.java:97)
2026-09-22 08:18:04,827 [ERROR] LogOutputStream:74 - [STDERR_REDIRECT] 	at java.awt.EventQueue$3.run(EventQueue.java:709)
2026-09-22 08:18:04,827 [ERROR] LogOutputStream:74 - [STDERR_REDIRECT] 	at java.awt.EventQueue$3.run(EventQueue.java:703)
2026-09-22 08:18:04,827 [ERROR] LogOutputStream:74 - [STDERR_REDIRECT] 	at java.security.AccessController.doPrivileged(Native Method)
2026-09-22 08:18:04,827 [ERROR] LogOutputStream:74 - [STDERR_REDIRECT] 	at java.security.ProtectionDomain$JavaSecurityAccessImpl.doIntersectionPrivilege(ProtectionDomain.java:74)
2026-09-22 08:18:04,827 [ERROR] LogOutputStream:74 - [STDERR_REDIRECT] 	at java.awt.EventQueue.dispatchEvent(EventQueue.java:728)
2026-09-22 08:18:04,827 [ERROR] LogOutputStream:74 - [STDERR_REDIRECT] 	at java.awt.EventDispatchThread.pumpOneEventForFilters(EventDispatchThread.java:205)
2026-09-22 08:18:04,827 [ERROR] LogOutputStream:74 - [STDERR_REDIRECT] 	at java.awt.EventDispatchThread.pumpEventsForFilter(EventDispatchThread.java:116)
2026-09-22 08:18:04,827 [ERROR] LogOutputStream:74 - [STDERR_REDIRECT] 	at java.awt.EventDispatchThread.pumpEventsForHierarchy(EventDispatchThread.java:105)
2026-09-22 08:18:04,827 [ERROR] LogOutputStream:74 - [STDERR_REDIRECT] 	at java.awt.EventDispatchThread.pumpEvents(EventDispatchThread.java:101)
2026-09-22 08:18:04,827 [ERROR] LogOutputStream:74 - [STDERR_REDIRECT] 	at java.awt.EventDispatchThread.pumpEvents(EventDispatchThread.java:93)
2026-09-22 08:18:04,834 [ERROR] LogOutputStream:74 - [STDERR_REDIRECT] 	at java.awt.EventDispatchThread.run(EventDispatchThread.java:82)
2026-09-22 08:18:10,720 [INFO] MainUpdater:2644 - connection check result : 10
2026-09-22 08:18:30,573 [ERROR] ServerAccessManage:989 - HTTP unexpected response (522) for http://stmcufinder.com/API/getFiles.php?
2026-09-22 08:18:30,574 [ERROR] ServerAccessManage:517 - Error during Access to HTTP Server. : mcusDocs.json._tmp_.
2026-09-22 08:18:32,058 [INFO] LoadUrlFilesThread:135 - End of LoadUrlFiles Thread
2026-09-22 08:18:35,318 [ERROR] WebUtils:616 - Updater is busy
2026-09-22 08:18:35,318 [ERROR] WebUtils:616 - Updater is busy
2026-09-22 08:18:35,318 [ERROR] WebUtils:616 - Updater is busy
2026-09-22 08:18:35,365 [ERROR] WebUtils:616 - Updater is busy
2026-09-22 08:18:35,365 [ERROR] WebUtils:616 - Updater is busy
2026-09-22 08:18:35,365 [ERROR] DbUtils:114 - File not found: C:\Users\Alunos\.stmcufinder\plugins\mcufinder//mcu/mcusDocs.json._tmp_
2026-09-22 08:18:35,365 [WARN] DbUtils:163 - success is not a boolean!
2026-09-22 08:18:35,365 [ERROR] DbMcusDocs:83 - No MCUs documents found !
2026-09-22 08:18:35,365 [ERROR] DbFile:108 - Temporary file not found: C:\Users\Alunos\.stmcufinder\plugins\mcufinder\mcu\mcusDocs.json._tmp_
2026-09-22 08:18:35,380 [INFO] DbMcusDocs:145 - JSON generation date=Tue Nov 16 13:17:54 BRT 2021 (1637079474)
2026-09-22 08:18:35,449 [INFO] DbMcusDocs:81 - Found 682 MCUs documents
2026-09-22 08:18:35,449 [INFO] ApiDb:263 - Save user favorites file C:\Users\Alunos/.stm32cubeide/favorites.mcus.txt: 1 item(s)
2026-09-22 08:18:35,449 [INFO] ApiDb:267 - User favorites MCUs=[STM32F103C8Tx]
2026-09-22 08:18:35,449 [INFO] DbMcusXml:97 - Load MCU database from C:\ST\STM32CubeIDE_1.5.1\STM32CubeIDE\plugins\com.st.stm32cube.common.mx_6.1.1.202012091304\\db\/mcu/families.xml
2026-09-22 08:18:35,512 [ERROR] DbUtils:114 - File not found: C:\Users\Alunos\.stmcufinder\plugins\mcufinder//mcu/mcusFeaturesAndDescription.json._tmp_
2026-09-22 08:18:35,512 [WARN] DbUtils:163 - success is not a boolean!
2026-09-22 08:18:35,512 [ERROR] DbFile:108 - Temporary file not found: C:\Users\Alunos\.stmcufinder\plugins\mcufinder\mcu\mcusFeaturesAndDescription.json._tmp_
2026-09-22 08:18:35,512 [INFO] DbMcus:176 - Found 1835 MCUs (1796 are supported by CubeMX, 1796 are visible in CubeMX)
2026-09-22 08:18:35,512 [INFO] ApiDb:238 - Load user favorites file C:\Users\Alunos/.stm32cubeide/favorites.mcus.txt: 1 item(s)
2026-09-22 08:18:35,512 [INFO] ApiDb:242 - User favorites MCUs=[STM32F103C8Tx]
2026-09-22 08:18:35,512 [INFO] DbMcus:188 - Set 1 / 1 favorites MCUs
2026-09-22 08:18:35,512 [ERROR] DbUtils:114 - File not found: C:\Users\Alunos\.stmcufinder\plugins\mcufinder//mcu/boardsDocs.json._tmp_
2026-09-22 08:18:35,512 [WARN] DbUtils:163 - success is not a boolean!
2026-09-22 08:18:35,512 [ERROR] DbBoardsDocs:83 - No boards documents found !
2026-09-22 08:18:35,512 [ERROR] DbFile:108 - Temporary file not found: C:\Users\Alunos\.stmcufinder\plugins\mcufinder\mcu\boardsDocs.json._tmp_
2026-09-22 08:18:35,527 [INFO] DbBoardsDocs:145 - JSON generation date=Tue Nov 16 13:17:54 BRT 2021 (1637079474)
2026-09-22 08:18:35,527 [INFO] DbBoardsDocs:81 - Found 209 boards documents
2026-09-22 08:18:35,527 [INFO] ApiDb:263 - Save user favorites file C:\Users\Alunos/.stm32cubeide/favorites.boards.txt: 0 item(s)
2026-09-22 08:18:35,527 [INFO] ApiDb:267 - User favorites Boards=[]
2026-09-22 08:18:35,527 [INFO] DbBoardsPdsc:91 - Found 24 items
2026-09-22 08:18:35,527 [INFO] DbBoardsPdsc:91 - Found 9 items
2026-09-22 08:18:35,527 [INFO] DbBoardsPdsc:91 - Found 32 items
2026-09-22 08:18:35,532 [INFO] DbBoardsPdsc:91 - Found 1 items
2026-09-22 08:18:35,534 [INFO] DbBoardsPdsc:91 - Found 45 items
2026-09-22 08:18:35,534 [INFO] DbBoardsPdsc:91 - Found 41 items
2026-09-22 08:18:35,534 [INFO] DbBoardsPdsc:91 - Found 2 items
2026-09-22 08:18:35,534 [INFO] DbBoardsPdsc:91 - Found 4 items
2026-09-22 08:18:35,534 [WARN] DbBoardsPdsc:255 - Board STM32H7B3I-DK: unknown feature type=Audio, name=, username=Audio stereo codec with Headphone Amp (CS42L51-CNZ), n=1
2026-09-22 08:18:35,534 [WARN] DbBoardsPdsc:255 - Board STM32H735G-DK: unknown feature type=Audio, name=, username=Audio stereo codec with Headphone Amp (WM8994ECS/R), n=1
2026-09-22 08:18:35,534 [WARN] DbBoardsPdsc:255 - Board STM32H7B3I-EVAL: unknown feature type=Audio, name=, username=Multi-Channel Audio Codec (CS42L51-CNZ), n=1
2026-09-22 08:18:35,534 [WARN] DbBoardsPdsc:255 - Board STM32H7B3I-EVAL: unknown feature type=Meter, name=, username=Power-metering and Temperature-monitoring with sigma-delta modulators, n=1
2026-09-22 08:18:35,534 [WARN] DbBoardsPdsc:255 - Board STM32H7B3I-EVAL: unknown feature type=Motor, name=, username=Motor Control, n=1
2026-09-22 08:18:35,534 [ERROR] DbUtils:114 - File not found: C:\Users\Alunos\.stmcufinder\plugins\mcufinder//mcu/boards.json._tmp_
2026-09-22 08:18:35,534 [WARN] DbUtils:163 - success is not a boolean!
2026-09-22 08:18:35,534 [ERROR] DbFile:108 - Temporary file not found: C:\Users\Alunos\.stmcufinder\plugins\mcufinder\mcu\boards.json._tmp_
2026-09-22 08:18:35,534 [INFO] DbBoards:118 - Found 158 boards (155 are supported by CubeMX)
2026-09-22 08:18:35,534 [WARN] DbBoards:128 - board B-G474E-DPOW1 has no document id list !
2026-09-22 08:18:35,534 [WARN] DbBoards:128 - board B-L072Z-LRWAN1 has no document id list !
2026-09-22 08:18:35,534 [WARN] DbBoards:128 - board B-L462E-CELL1 has no document id list !
2026-09-22 08:18:35,534 [WARN] DbBoards:128 - board B-L475E-IOT01A1 has no document id list !
2026-09-22 08:18:35,534 [WARN] DbBoards:128 - board B-L475E-IOT01A2 has no document id list !
2026-09-22 08:18:35,534 [WARN] DbBoards:128 - board B-L4S5I-IOT01A has no document id list !
2026-09-22 08:18:35,534 [WARN] DbBoards:128 - board NUCLEO-F030R8 has no document id list !
2026-09-22 08:18:35,534 [WARN] DbBoards:128 - board NUCLEO-F031K6 has no document id list !
2026-09-22 08:18:35,534 [WARN] DbBoards:128 - board NUCLEO-F042K6 has no document id list !
2026-09-22 08:18:35,534 [WARN] DbBoards:128 - board NUCLEO-F070RB has no document id list !
2026-09-22 08:18:35,534 [WARN] DbBoards:128 - board NUCLEO-F072RB has no document id list !
2026-09-22 08:18:35,534 [WARN] DbBoards:128 - board NUCLEO-F091RC has no document id list !
2026-09-22 08:18:35,534 [WARN] DbBoards:128 - board NUCLEO-F103RB has no document id list !
2026-09-22 08:18:35,534 [WARN] DbBoards:128 - board NUCLEO-F207ZG has no document id list !
2026-09-22 08:18:35,534 [WARN] DbBoards:128 - board NUCLEO-F302R8 has no document id list !
2026-09-22 08:18:35,534 [WARN] DbBoards:128 - board NUCLEO-F303K8 has no document id list !
2026-09-22 08:18:35,534 [WARN] DbBoards:128 - board NUCLEO-F303RE has no document id list !
2026-09-22 08:18:35,534 [WARN] DbBoards:128 - board NUCLEO-F303ZE has no document id list !
2026-09-22 08:18:35,534 [WARN] DbBoards:128 - board NUCLEO-F334R8 has no document id list !
2026-09-22 08:18:35,534 [WARN] DbBoards:128 - board NUCLEO-F401RE has no document id list !
2026-09-22 08:18:35,534 [WARN] DbBoards:128 - board NUCLEO-F410RB has no document id list !
2026-09-22 08:18:35,534 [WARN] DbBoards:128 - board NUCLEO-F411RE has no document id list !
2026-09-22 08:18:35,534 [WARN] DbBoards:128 - board NUCLEO-F412ZG has no document id list !
2026-09-22 08:18:35,534 [WARN] DbBoards:128 - board NUCLEO-F413ZH has no document id list !
2026-09-22 08:18:35,534 [WARN] DbBoards:128 - board NUCLEO-F429ZI has no document id list !
2026-09-22 08:18:35,534 [WARN] DbBoards:128 - board NUCLEO-F439ZI has no document id list !
2026-09-22 08:18:35,534 [WARN] DbBoards:128 - board NUCLEO-F446RE has no document id list !
2026-09-22 08:18:35,534 [WARN] DbBoards:128 - board NUCLEO-F446ZE has no document id list !
2026-09-22 08:18:35,534 [WARN] DbBoards:128 - board NUCLEO-F722ZE has no document id list !
2026-09-22 08:18:35,534 [WARN] DbBoards:128 - board NUCLEO-F746ZG has no document id list !
2026-09-22 08:18:35,534 [WARN] DbBoards:128 - board NUCLEO-F767ZI has no document id list !
2026-09-22 08:18:35,534 [WARN] DbBoards:128 - board NUCLEO-G031K8 has no document id list !
2026-09-22 08:18:35,534 [WARN] DbBoards:128 - board NUCLEO-G070RB has no document id list !
2026-09-22 08:18:35,534 [WARN] DbBoards:128 - board NUCLEO-G071RB has no document id list !
2026-09-22 08:18:35,534 [WARN] DbBoards:128 - board NUCLEO-G0B1RE has no document id list !
2026-09-22 08:18:35,534 [WARN] DbBoards:128 - board NUCLEO-G431KB has no document id list !
2026-09-22 08:18:35,534 [WARN] DbBoards:128 - board NUCLEO-G431RB has no document id list !
2026-09-22 08:18:35,534 [WARN] DbBoards:128 - board NUCLEO-G474RE has no document id list !
2026-09-22 08:18:35,534 [WARN] DbBoards:128 - board NUCLEO-G491RE has no document id list !
2026-09-22 08:18:35,534 [WARN] DbBoards:128 - board NUCLEO-H723ZG has no document id list !
2026-09-22 08:18:35,534 [WARN] DbBoards:128 - board NUCLEO-H743ZI has no document id list !
2026-09-22 08:18:35,534 [WARN] DbBoards:128 - board NUCLEO-H743ZI2 has no document id list !
2026-09-22 08:18:35,534 [WARN] DbBoards:128 - board NUCLEO-H745ZI-Q has no document id list !
2026-09-22 08:18:35,534 [WARN] DbBoards:128 - board NUCLEO-H753ZI has no document id list !
2026-09-22 08:18:35,534 [WARN] DbBoards:128 - board NUCLEO-H755ZI-Q has no document id list !
2026-09-22 08:18:35,534 [WARN] DbBoards:128 - board NUCLEO-H7A3ZI-Q has no document id list !
2026-09-22 08:18:35,534 [WARN] DbBoards:128 - board NUCLEO-L010RB has no document id list !
2026-09-22 08:18:35,534 [WARN] DbBoards:128 - board NUCLEO-L011K4 has no document id list !
2026-09-22 08:18:35,534 [WARN] DbBoards:128 - board NUCLEO-L031K6 has no document id list !
2026-09-22 08:18:35,534 [WARN] DbBoards:128 - board NUCLEO-L053R8 has no document id list !
2026-09-22 08:18:35,534 [WARN] DbBoards:128 - board NUCLEO-L073RZ has no document id list !
2026-09-22 08:18:35,534 [WARN] DbBoards:128 - board NUCLEO-L152RE has no document id list !
2026-09-22 08:18:35,534 [WARN] DbBoards:128 - board NUCLEO-L412KB has no document id list !
2026-09-22 08:18:35,534 [WARN] DbBoards:128 - board NUCLEO-L412RB-P has no document id list !
2026-09-22 08:18:35,534 [WARN] DbBoards:128 - board NUCLEO-L432KC has no document id list !
2026-09-22 08:18:35,534 [WARN] DbBoards:128 - board NUCLEO-L433RC-P has no document id list !
2026-09-22 08:18:35,534 [WARN] DbBoards:128 - board NUCLEO-L452RE has no document id list !
2026-09-22 08:18:35,534 [WARN] DbBoards:128 - board NUCLEO-L452RE-P has no document id list !
2026-09-22 08:18:35,534 [WARN] DbBoards:128 - board NUCLEO-L476RG has no document id list !
2026-09-22 08:18:35,534 [WARN] DbBoards:128 - board NUCLEO-L496ZG has no document id list !
2026-09-22 08:18:35,534 [WARN] DbBoards:128 - board NUCLEO-L496ZG-P has no document id list !
2026-09-22 08:18:35,534 [WARN] DbBoards:128 - board NUCLEO-L4A6ZG has no document id list !
2026-09-22 08:18:35,534 [WARN] DbBoards:128 - board NUCLEO-L4P5ZG has no document id list !
2026-09-22 08:18:35,534 [WARN] DbBoards:128 - board NUCLEO-L4R5ZI has no document id list !
2026-09-22 08:18:35,534 [WARN] DbBoards:128 - board NUCLEO-L4R5ZI-P has no document id list !
2026-09-22 08:18:35,534 [WARN] DbBoards:128 - board NUCLEO-L552ZE-Q has no document id list !
2026-09-22 08:18:35,534 [WARN] DbBoards:128 - board NUCLEO-WB55RG has no document id list !
2026-09-22 08:18:35,534 [WARN] DbBoards:128 - board NUCLEO-WL55JC1 has no document id list !
2026-09-22 08:18:35,534 [WARN] DbBoards:128 - board NUCLEO-WL55JC2 has no document id list !
2026-09-22 08:18:35,534 [WARN] DbBoards:128 - board P-NUCLEO-WB55 has no document id list !
2026-09-22 08:18:35,534 [WARN] DbBoards:128 - board P-NUCLEO-WB55-Nucleo has no document id list !
2026-09-22 08:18:35,534 [WARN] DbBoards:128 - board P-NUCLEO-WB55-USBDongle has no document id list !
2026-09-22 08:18:35,534 [WARN] DbBoards:128 - board STEVAL-BFA001V1B has no document id list !
2026-09-22 08:18:35,534 [WARN] DbBoards:128 - board STEVAL-BFA001V2B has no document id list !
2026-09-22 08:18:35,534 [WARN] DbBoards:128 - board STEVAL-IDP005V1 has no document id list !
2026-09-22 08:18:35,534 [WARN] DbBoards:128 - board STEVAL-IDP005V2 has no document id list !
2026-09-22 08:18:35,534 [WARN] DbBoards:128 - board STEVAL-MKSBOX1V1 has no document id list !
2026-09-22 08:18:35,534 [WARN] DbBoards:128 - board STEVAL-STWINKT1 has no document id list !
2026-09-22 08:18:35,534 [WARN] DbBoards:128 - board STM32072B-EVAL has no document id list !
2026-09-22 08:18:35,534 [WARN] DbBoards:128 - board STM32091C-EVAL has no document id list !
2026-09-22 08:18:35,534 [WARN] DbBoards:128 - board STM32100E-EVAL has no document id list !
2026-09-22 08:18:35,534 [WARN] DbBoards:128 - board STM3210C-EVAL has no document id list !
2026-09-22 08:18:35,534 [WARN] DbBoards:128 - board STM3210E-EVAL has no document id list !
2026-09-22 08:18:35,534 [WARN] DbBoards:128 - board STM3220G-EVAL has no document id list !
2026-09-22 08:18:35,534 [WARN] DbBoards:128 - board STM3221G-EVAL has no document id list !
2026-09-22 08:18:35,534 [WARN] DbBoards:128 - board STM32303C-EVAL has no document id list !
2026-09-22 08:18:35,534 [WARN] DbBoards:128 - board STM32303E-EVAL has no document id list !
2026-09-22 08:18:35,534 [WARN] DbBoards:128 - board STM32373C-EVAL has no document id list !
2026-09-22 08:18:35,534 [WARN] DbBoards:128 - board STM3240G-EVAL has no document id list !
2026-09-22 08:18:35,534 [WARN] DbBoards:128 - board STM3241G-EVAL has no document id list !
2026-09-22 08:18:35,534 [WARN] DbBoards:128 - board STM32429I-EVAL1 has no document id list !
2026-09-22 08:18:35,534 [WARN] DbBoards:128 - board STM32439I-EVAL2 has no document id list !
2026-09-22 08:18:35,534 [WARN] DbBoards:128 - board STM32446E-EVAL has no document id list !
2026-09-22 08:18:35,534 [WARN] DbBoards:128 - board STM32469I-EVAL has no document id list !
2026-09-22 08:18:35,534 [WARN] DbBoards:128 - board STM32479I-EVAL has no document id list !
2026-09-22 08:18:35,534 [WARN] DbBoards:128 - board STM32746G-EVAL2 has no document id list !
2026-09-22 08:18:35,534 [WARN] DbBoards:128 - board STM32756G-EVAL2 has no document id list !
2026-09-22 08:18:35,534 [WARN] DbBoards:128 - board STM32F0308-DISCO has no document id list !
2026-09-22 08:18:35,534 [WARN] DbBoards:128 - board STM32F072B-DISCO has no document id list !
2026-09-22 08:18:35,534 [WARN] DbBoards:128 - board STM32F0DISCOVERY has no document id list !
2026-09-22 08:18:35,534 [WARN] DbBoards:128 - board STM32F3348-DISCO has no document id list !
2026-09-22 08:18:35,534 [WARN] DbBoards:128 - board STM32F3DISCOVERY has no document id list !
2026-09-22 08:18:35,534 [WARN] DbBoards:128 - board STM32F401C-DISCO has no document id list !
2026-09-22 08:18:35,534 [WARN] DbBoards:128 - board STM32F407G-DISC1 has no document id list !
2026-09-22 08:18:35,534 [WARN] DbBoards:128 - board STM32F411E-DISCO has no document id list !
2026-09-22 08:18:35,534 [WARN] DbBoards:128 - board STM32F412G-DISCO has no document id list !
2026-09-22 08:18:35,534 [WARN] DbBoards:128 - board STM32F413H-DISCO has no document id list !
2026-09-22 08:18:35,534 [WARN] DbBoards:128 - board STM32F429I-DISC1 has no document id list !
2026-09-22 08:18:35,534 [WARN] DbBoards:128 - board STM32F469I-DISCO has no document id list !
2026-09-22 08:18:35,534 [WARN] DbBoards:128 - board STM32F723E-DISCO has no document id list !
2026-09-22 08:18:35,534 [WARN] DbBoards:128 - board STM32F7308-DK has no document id list !
2026-09-22 08:18:35,534 [WARN] DbBoards:128 - board STM32F746G-DISCO has no document id list !
2026-09-22 08:18:35,534 [WARN] DbBoards:128 - board STM32F7508-DK has no document id list !
2026-09-22 08:18:35,534 [WARN] DbBoards:128 - board STM32F769I-DISC1 has no document id list !
2026-09-22 08:18:35,534 [WARN] DbBoards:128 - board STM32F769I-DISCO has no document id list !
2026-09-22 08:18:35,534 [WARN] DbBoards:128 - board STM32F769I-EVAL has no document id list !
2026-09-22 08:18:35,534 [WARN] DbBoards:128 - board STM32F779I-EVAL has no document id list !
2026-09-22 08:18:35,534 [WARN] DbBoards:128 - board STM32G0316-DISCO has no document id list !
2026-09-22 08:18:35,534 [WARN] DbBoards:128 - board STM32G071B-DISCO has no document id list !
2026-09-22 08:18:35,534 [WARN] DbBoards:128 - board STM32G081B-EVAL has no document id list !
2026-09-22 08:18:35,534 [WARN] DbBoards:128 - board STM32G0C1E-EV has no document id list !
2026-09-22 08:18:35,534 [WARN] DbBoards:128 - board STM32G474E-EVAL has no document id list !
2026-09-22 08:18:35,534 [WARN] DbBoards:128 - board STM32G474E-EVAL1 has no document id list !
2026-09-22 08:18:35,534 [WARN] DbBoards:128 - board STM32G484E-EVAL has no document id list !
2026-09-22 08:18:35,534 [WARN] DbBoards:128 - board STM32H735G-DK has no document id list !
2026-09-22 08:18:35,534 [WARN] DbBoards:128 - board STM32H743I-EVAL has no document id list !
2026-09-22 08:18:35,534 [WARN] DbBoards:128 - board STM32H743I-EVAL2 has no document id list !
2026-09-22 08:18:35,534 [WARN] DbBoards:128 - board STM32H745I-DISCO has no document id list !
2026-09-22 08:18:35,534 [WARN] DbBoards:128 - board STM32H747I-DISC1 has no document id list !
2026-09-22 08:18:35,534 [WARN] DbBoards:128 - board STM32H747I-DISCO has no document id list !
2026-09-22 08:18:35,534 [WARN] DbBoards:128 - board STM32H747I-EVAL has no document id list !
2026-09-22 08:18:35,534 [WARN] DbBoards:128 - board STM32H750B-DK has no document id list !
2026-09-22 08:18:35,534 [WARN] DbBoards:128 - board STM32H753I-EVAL has no document id list !
2026-09-22 08:18:35,534 [WARN] DbBoards:128 - board STM32H753I-EVAL2 has no document id list !
2026-09-22 08:18:35,534 [WARN] DbBoards:128 - board STM32H757I-EVAL has no document id list !
2026-09-22 08:18:35,534 [WARN] DbBoards:128 - board STM32H7B3I-DK has no document id list !
2026-09-22 08:18:35,534 [WARN] DbBoards:128 - board STM32H7B3I-EVAL has no document id list !
2026-09-22 08:18:35,534 [WARN] DbBoards:128 - board STM32L-DISCOVERY has no document id list !
2026-09-22 08:18:35,534 [WARN] DbBoards:128 - board STM32L0538-DISCO has no document id list !
2026-09-22 08:18:35,534 [WARN] DbBoards:128 - board STM32L073Z-EVAL has no document id list !
2026-09-22 08:18:35,534 [WARN] DbBoards:128 - board STM32L100C-DISCO has no document id list !
2026-09-22 08:18:35,534 [WARN] DbBoards:128 - board STM32L152C-DISCO has no document id list !
2026-09-22 08:18:35,534 [WARN] DbBoards:128 - board STM32L152D-EVAL has no document id list !
2026-09-22 08:18:35,534 [WARN] DbBoards:128 - board STM32L476G-DISCO has no document id list !
2026-09-22 08:18:35,534 [WARN] DbBoards:128 - board STM32L476G-EVAL has no document id list !
2026-09-22 08:18:35,534 [WARN] DbBoards:128 - board STM32L496G-DISCO has no document id list !
2026-09-22 08:18:35,534 [WARN] DbBoards:128 - board STM32L4P5G-DK has no document id list !
2026-09-22 08:18:35,534 [WARN] DbBoards:128 - board STM32L4R9I-DISCO has no document id list !
2026-09-22 08:18:35,534 [WARN] DbBoards:128 - board STM32L4R9I-EVAL has no document id list !
2026-09-22 08:18:35,534 [WARN] DbBoards:128 - board STM32L552E-EV has no document id list !
2026-09-22 08:18:35,534 [WARN] DbBoards:128 - board STM32L562E-DK has no document id list !
2026-09-22 08:18:35,534 [WARN] DbBoards:128 - board STM32MP157A-DK1 has no document id list !
2026-09-22 08:18:35,534 [WARN] DbBoards:128 - board STM32MP157A-EV1 has no document id list !
2026-09-22 08:18:35,534 [WARN] DbBoards:128 - board STM32MP157C-DK2 has no document id list !
2026-09-22 08:18:35,534 [WARN] DbBoards:128 - board STM32MP157C-EV1 has no document id list !
2026-09-22 08:18:35,534 [WARN] DbBoards:128 - board STM32MP157F-DK2 has no document id list !
2026-09-22 08:18:35,534 [WARN] DbBoards:128 - board STM32MP157F-EV1 has no document id list !
2026-09-22 08:18:35,534 [WARN] DbBoards:128 - board STM32VLDISCOVERY has no document id list !
2026-09-22 08:18:36,033 [INFO] ApiDb:238 - Load user favorites file C:\Users\Alunos/.stm32cubeide/favorites.boards.txt: 0 item(s)
2026-09-22 08:18:36,033 [INFO] ApiDb:242 - User favorites Boards=[]
2026-09-22 08:18:36,033 [INFO] DbBoards:207 - Set 0 / 0 favorites Boards
2026-09-22 08:18:36,046 [INFO] CrossSelectorPresenter:1330 - Cross Selector saved comparison directory: C:\Users\Alunos\.stmcufinder\plugins\mcufinder\mcu\cs_comparisons_mx
2026-09-22 08:18:36,061 [INFO] MultiScanPanel:198 - Auto-refresh data requested => check proxy status ongoing
2026-09-22 08:18:36,061 [INFO] FinderPluginLoader:87 - Searching for filters in installed packs
2026-09-22 08:18:36,146 [WARN] DetailPanel:347 - Failed to get advertising image, set to default
2026-09-22 08:18:36,246 [INFO] McuFilterPanel:245 - Update 1 favorites MCUs
2026-09-22 08:18:51,667 [ERROR] ServerAccessManage:989 - HTTP unexpected response (522) for http://stmcufinder.com/API/getMCUsForMCUFinderPC.php
2026-09-22 08:18:51,667 [ERROR] ServerAccessManage:517 - Error during Access to HTTP Server. : mcusFeaturesAndDescription.json._tmp_.
2026-09-22 08:18:51,667 [INFO] LoadUrlFilesThread:135 - End of LoadUrlFiles Thread
2026-09-22 08:18:51,938 [INFO] RetryExec:97 - I/O exception (java.net.SocketException) caught when processing request to {}->http://sw-center.st.com:80: Socket Closed
2026-09-22 08:18:51,938 [INFO] RetryExec:113 - Retrying request to {}->http://sw-center.st.com:80
2026-09-22 13:24:52,980 [INFO] Activator:170 - 


2026-09-22 13:24:52,980 [INFO] Activator:171 - !SESSION log4j initialized
2026-09-22 13:25:09,127 [INFO] McuFinderGlobals:40 - Set McuFinder mode to 2 (CubeIDE integrated)
2026-09-22 13:25:09,286 [INFO] ApplicationProperties:181 - Using Application install path: C:\ST\STM32CubeIDE_1.5.1\STM32CubeIDE\plugins\com.st.stm32cube.common.mx_6.1.1.202012091304
2026-09-22 13:25:09,287 [INFO] DbMcusXml:71 - Set database path to: C:\ST\STM32CubeIDE_1.5.1\STM32CubeIDE\plugins\com.st.stm32cube.common.mx_6.1.1.202012091304\\db\/mcu/
2026-09-22 13:25:09,287 [INFO] DbBoardsPdsc:57 - Set plugin database path to: C:\ST\STM32CubeIDE_1.5.1\STM32CubeIDE\plugins\com.st.stm32cube.common.mx_6.1.1.202012091304\\db\/plugins/boardmanager/
2026-09-22 13:25:09,287 [INFO] DbMcus:259 - Set plugin images path to: C:\ST\STM32CubeIDE_1.5.1\STM32CubeIDE\plugins\com.st.stm32cube.common.mx_6.1.1.202012091304\\db\/plugins/mcufinder/images/
2026-09-22 13:25:09,287 [INFO] DbBoards:265 - Set plugin images path to: C:\ST\STM32CubeIDE_1.5.1\STM32CubeIDE\plugins\com.st.stm32cube.common.mx_6.1.1.202012091304\\db\/plugins/mcufinder/images/
2026-09-22 13:25:09,287 [INFO] DbExamples:329 - Set plugin images path to: C:\ST\STM32CubeIDE_1.5.1\STM32CubeIDE\plugins\com.st.stm32cube.common.mx_6.1.1.202012091304\\db\/plugins/mcufinder/images/
2026-09-22 13:25:09,287 [INFO] DbMcusDocs:112 - Set database path to: C:\Users\Alunos\.stmcufinder\plugins\mcufinder//mcu/
2026-09-22 13:25:09,287 [INFO] DbMcusJson:63 - Set database path to: C:\Users\Alunos\.stmcufinder\plugins\mcufinder//mcu/
2026-09-22 13:25:09,303 [INFO] DbBoardsDocs:112 - Set database path to: C:\Users\Alunos\.stmcufinder\plugins\mcufinder//mcu/
2026-09-22 13:25:09,303 [INFO] DbBoardsJson:56 - Set database path to: C:\Users\Alunos\.stmcufinder\plugins\mcufinder//mcu/
2026-09-22 13:25:09,746 [INFO] CrossReferenceDbSqlite:196 - Set database path to: C:\Users\Alunos\.stmcufinder\plugins\mcufinder//mcu/cs/
2026-09-22 13:25:09,746 [INFO] DbExamplesSqlite:699 - Set database path to: C:\Users\Alunos\.stmcufinder\plugins\mcufinder//mcu/
2026-09-22 13:25:09,815 [INFO] RulesReader:52 - Compatibility file has been processed (228 Rules)
2026-09-22 13:25:09,865 [INFO] MicroXplorer:565 - Detected Java Version = 1.8.0_272
2026-09-22 13:25:09,865 [INFO] DbMcusXml:71 - Set database path to: C:\ST\STM32CubeIDE_1.5.1\STM32CubeIDE\plugins\com.st.stm32cube.common.mx_6.1.1.202012091304\\db\/mcu/
2026-09-22 13:25:09,872 [INFO] DbBoardsPdsc:57 - Set plugin database path to: C:\ST\STM32CubeIDE_1.5.1\STM32CubeIDE\plugins\com.st.stm32cube.common.mx_6.1.1.202012091304\\db\/plugins/boardmanager/
2026-09-22 13:25:09,872 [INFO] DbMcus:259 - Set plugin images path to: C:\ST\STM32CubeIDE_1.5.1\STM32CubeIDE\plugins\com.st.stm32cube.common.mx_6.1.1.202012091304\\db\/plugins/mcufinder/images/
2026-09-22 13:25:09,872 [INFO] DbBoards:265 - Set plugin images path to: C:\ST\STM32CubeIDE_1.5.1\STM32CubeIDE\plugins\com.st.stm32cube.common.mx_6.1.1.202012091304\\db\/plugins/mcufinder/images/
2026-09-22 13:25:09,872 [INFO] DbExamples:329 - Set plugin images path to: C:\ST\STM32CubeIDE_1.5.1\STM32CubeIDE\plugins\com.st.stm32cube.common.mx_6.1.1.202012091304\\db\/plugins/mcufinder/images/
2026-09-22 13:25:09,872 [WARN] DbFile:36 - Overriding database path with different value: C:\Users\Alunos\.stmcufinder\plugins\mcufinder/ => C:\Users\Alunos\.stmcufinder\plugins\mcufinder
2026-09-22 13:25:09,872 [INFO] DbMcusDocs:112 - Set database path to: C:\Users\Alunos\.stmcufinder\plugins\mcufinder//mcu/
2026-09-22 13:25:09,872 [WARN] DbFile:36 - Overriding database path with different value: C:\Users\Alunos\.stmcufinder\plugins\mcufinder/ => C:\Users\Alunos\.stmcufinder\plugins\mcufinder
2026-09-22 13:25:09,872 [INFO] DbMcusJson:63 - Set database path to: C:\Users\Alunos\.stmcufinder\plugins\mcufinder//mcu/
2026-09-22 13:25:09,872 [WARN] DbFile:36 - Overriding database path with different value: C:\Users\Alunos\.stmcufinder\plugins\mcufinder/ => C:\Users\Alunos\.stmcufinder\plugins\mcufinder
2026-09-22 13:25:09,872 [INFO] DbBoardsDocs:112 - Set database path to: C:\Users\Alunos\.stmcufinder\plugins\mcufinder//mcu/
2026-09-22 13:25:09,872 [WARN] DbFile:36 - Overriding database path with different value: C:\Users\Alunos\.stmcufinder\plugins\mcufinder/ => C:\Users\Alunos\.stmcufinder\plugins\mcufinder
2026-09-22 13:25:09,872 [INFO] DbBoardsJson:56 - Set database path to: C:\Users\Alunos\.stmcufinder\plugins\mcufinder//mcu/
2026-09-22 13:25:09,872 [WARN] DbFile:36 - Overriding database path with different value: C:\Users\Alunos\.stmcufinder\plugins\mcufinder/ => C:\Users\Alunos\.stmcufinder\plugins\mcufinder
2026-09-22 13:25:09,872 [WARN] DbFile:36 - Overriding database path with different value: C:\Users\Alunos\.stmcufinder\plugins\mcufinder/ => C:\Users\Alunos\.stmcufinder\plugins\mcufinder
2026-09-22 13:25:09,872 [INFO] CrossReferenceDbSqlite:196 - Set database path to: C:\Users\Alunos\.stmcufinder\plugins\mcufinder//mcu/cs/
2026-09-22 13:25:09,872 [WARN] DbFile:36 - Overriding database path with different value: C:\Users\Alunos\.stmcufinder\plugins\mcufinder/ => C:\Users\Alunos\.stmcufinder\plugins\mcufinder
2026-09-22 13:25:09,872 [INFO] DbExamplesSqlite:699 - Set database path to: C:\Users\Alunos\.stmcufinder\plugins\mcufinder//mcu/
2026-09-22 13:25:09,931 [INFO] MainPanel:190 - HeapMemory: 268435456
2026-09-22 13:25:09,962 [INFO] DbMcusXml:71 - Set database path to: C:\ST\STM32CubeIDE_1.5.1\STM32CubeIDE\plugins\com.st.stm32cube.common.mx_6.1.1.202012091304\\db\/mcu/
2026-09-22 13:25:09,962 [INFO] DbBoardsPdsc:57 - Set plugin database path to: C:\ST\STM32CubeIDE_1.5.1\STM32CubeIDE\plugins\com.st.stm32cube.common.mx_6.1.1.202012091304\\db\/plugins/boardmanager/
2026-09-22 13:25:09,962 [INFO] DbMcus:259 - Set plugin images path to: C:\ST\STM32CubeIDE_1.5.1\STM32CubeIDE\plugins\com.st.stm32cube.common.mx_6.1.1.202012091304\\db\/plugins/mcufinder/images/
2026-09-22 13:25:09,962 [INFO] DbBoards:265 - Set plugin images path to: C:\ST\STM32CubeIDE_1.5.1\STM32CubeIDE\plugins\com.st.stm32cube.common.mx_6.1.1.202012091304\\db\/plugins/mcufinder/images/
2026-09-22 13:25:09,962 [INFO] DbExamples:329 - Set plugin images path to: C:\ST\STM32CubeIDE_1.5.1\STM32CubeIDE\plugins\com.st.stm32cube.common.mx_6.1.1.202012091304\\db\/plugins/mcufinder/images/
2026-09-22 13:25:09,962 [WARN] DbFile:36 - Overriding database path with different value: C:\Users\Alunos\.stmcufinder\plugins\mcufinder/ => C:\Users\Alunos\.stmcufinder\plugins\mcufinder
2026-09-22 13:25:09,962 [INFO] DbMcusDocs:112 - Set database path to: C:\Users\Alunos\.stmcufinder\plugins\mcufinder//mcu/
2026-09-22 13:25:09,962 [WARN] DbFile:36 - Overriding database path with different value: C:\Users\Alunos\.stmcufinder\plugins\mcufinder/ => C:\Users\Alunos\.stmcufinder\plugins\mcufinder
2026-09-22 13:25:09,962 [INFO] DbMcusJson:63 - Set database path to: C:\Users\Alunos\.stmcufinder\plugins\mcufinder//mcu/
2026-09-22 13:25:09,962 [WARN] DbFile:36 - Overriding database path with different value: C:\Users\Alunos\.stmcufinder\plugins\mcufinder/ => C:\Users\Alunos\.stmcufinder\plugins\mcufinder
2026-09-22 13:25:09,962 [INFO] DbBoardsDocs:112 - Set database path to: C:\Users\Alunos\.stmcufinder\plugins\mcufinder//mcu/
2026-09-22 13:25:09,962 [WARN] DbFile:36 - Overriding database path with different value: C:\Users\Alunos\.stmcufinder\plugins\mcufinder/ => C:\Users\Alunos\.stmcufinder\plugins\mcufinder
2026-09-22 13:25:09,962 [INFO] DbBoardsJson:56 - Set database path to: C:\Users\Alunos\.stmcufinder\plugins\mcufinder//mcu/
2026-09-22 13:25:09,962 [WARN] DbFile:36 - Overriding database path with different value: C:\Users\Alunos\.stmcufinder\plugins\mcufinder/ => C:\Users\Alunos\.stmcufinder\plugins\mcufinder
2026-09-22 13:25:09,962 [WARN] DbFile:36 - Overriding database path with different value: C:\Users\Alunos\.stmcufinder\plugins\mcufinder/ => C:\Users\Alunos\.stmcufinder\plugins\mcufinder
2026-09-22 13:25:09,962 [INFO] CrossReferenceDbSqlite:196 - Set database path to: C:\Users\Alunos\.stmcufinder\plugins\mcufinder//mcu/cs/
2026-09-22 13:25:09,962 [WARN] DbFile:36 - Overriding database path with different value: C:\Users\Alunos\.stmcufinder\plugins\mcufinder/ => C:\Users\Alunos\.stmcufinder\plugins\mcufinder
2026-09-22 13:25:09,962 [INFO] DbExamplesSqlite:699 - Set database path to: C:\Users\Alunos\.stmcufinder\plugins\mcufinder//mcu/
2026-09-22 13:25:09,972 [INFO] ApplicationProperties:181 - Using Application install path: C:\ST\STM32CubeIDE_1.5.1\STM32CubeIDE\plugins\com.st.stm32cube.common.mx_6.1.1.202012091304
2026-09-22 13:25:09,972 [INFO] PluginManage:178 - Search for loadable plugins [exclusion list=, ]
2026-09-22 13:25:09,972 [INFO] PluginManage:292 - Check plugin analytics
2026-09-22 13:25:10,054 [INFO] AnalyticsPlugin:225 - Accepted Software Licenses: 
2026-09-22 13:25:10,054 [INFO] AnalyticsPlugin:227 - Accepted CMSIS Pack Licenses: 
2026-09-22 13:25:10,054 [INFO] AnalyticsPlugin:229 - Accepted Firmware Licenses: 
2026-09-22 13:25:10,054 [INFO] PluginManage:342 - Loaded plugin analytics (category:tool,tabindex:-1)
2026-09-22 13:25:10,054 [INFO] PluginManage:292 - Check plugin clock
2026-09-22 13:25:10,073 [INFO] PluginManage:342 - Loaded plugin clock (category:base,tabindex:2)
2026-09-22 13:25:10,073 [INFO] PluginManage:292 - Check plugin ddr
2026-09-22 13:25:10,073 [INFO] PluginManage:342 - Loaded plugin ddr (category:tool,tabindex:6)
2026-09-22 13:25:10,073 [INFO] PluginManage:292 - Check plugin filemanager
2026-09-22 13:25:10,134 [INFO] PluginManage:342 - Loaded plugin filemanager (category:base,tabindex:10)
2026-09-22 13:25:10,134 [INFO] PluginManage:292 - Check plugin ipmanager
2026-09-22 13:25:10,134 [INFO] PluginManage:342 - Loaded plugin ipmanager (category:base,tabindex:5)
2026-09-22 13:25:10,134 [INFO] PluginManage:292 - Check plugin pinoutandconfiguration
2026-09-22 13:25:10,151 [INFO] PluginManage:342 - Loaded plugin pinoutandconfiguration (category:base,tabindex:1)
2026-09-22 13:25:10,151 [INFO] PluginManage:292 - Check plugin pinoutconfig
2026-09-22 13:25:10,172 [INFO] PluginManage:342 - Loaded plugin pinoutconfig (category:base,tabindex:0)
2026-09-22 13:25:10,172 [INFO] PluginManage:292 - Check plugin power
2026-09-22 13:25:10,188 [INFO] PluginManage:342 - Loaded plugin power (category:power,tabindex:4)
2026-09-22 13:25:10,188 [INFO] PluginManage:292 - Check plugin projectmanager
2026-09-22 13:25:10,188 [INFO] PluginManage:342 - Loaded plugin projectmanager (category:projectmanager,tabindex:3)
2026-09-22 13:25:10,188 [INFO] PluginManage:292 - Check plugin thirdparty
2026-09-22 13:25:10,273 [INFO] PluginManage:342 - Loaded plugin thirdparty (category:base,tabindex:-1)
2026-09-22 13:25:10,273 [INFO] PluginManage:292 - Check plugin tools
2026-09-22 13:25:10,273 [WARN] IntegrityCheckThread:59 - waiting for thirdparty lock release [integrity check]
2026-09-22 13:25:10,273 [INFO] IntegrityCheckThread:61 - entering critical section [integrity check]
2026-09-22 13:25:10,273 [INFO] ThirdPartyUpdaterWithRetryManager:56 - Updater plugin not ready yet. [1/15]
2026-09-22 13:25:10,303 [INFO] PluginManage:342 - Loaded plugin tools (category:base,tabindex:7)
2026-09-22 13:25:10,303 [INFO] PluginManage:292 - Check plugin tutovideos
2026-09-22 13:25:10,424 [INFO] PluginManage:342 - Loaded plugin tutovideos (category:base,tabindex:-1)
2026-09-22 13:25:10,424 [INFO] PluginManage:292 - Check plugin updater
2026-09-22 13:25:10,424 [INFO] PluginManage:342 - Loaded plugin updater (category:base,tabindex:12)
2026-09-22 13:25:10,424 [INFO] PluginManage:265 - PluginManage : Loaded plugins [13]
2026-09-22 13:25:10,504 [INFO] PinOutPanel:1434 - setPackage(No Configuration,No Configuration)
2026-09-22 13:25:10,571 [INFO] IPUIPlugin:64 - create IPUIPlugin
2026-09-22 13:25:10,571 [INFO] PluginManager:203 - loadIPPluginJar : add adc
2026-09-22 13:25:10,589 [INFO] IPUIPlugin:64 - create IPUIPlugin
2026-09-22 13:25:10,589 [INFO] PluginManager:203 - loadIPPluginJar : add aes
2026-09-22 13:25:10,625 [INFO] IPUIPlugin:64 - create IPUIPlugin
2026-09-22 13:25:10,625 [INFO] PluginManager:203 - loadIPPluginJar : add can
2026-09-22 13:25:10,625 [INFO] IPUIPlugin:64 - create IPUIPlugin
2026-09-22 13:25:10,625 [INFO] PluginManager:203 - loadIPPluginJar : add comp
2026-09-22 13:25:10,641 [INFO] IPUIPlugin:64 - create IPUIPlugin
2026-09-22 13:25:10,641 [INFO] PluginManager:203 - loadIPPluginJar : add cryp
2026-09-22 13:25:10,673 [INFO] IPUIPlugin:64 - create IPUIPlugin
2026-09-22 13:25:10,673 [INFO] PluginManager:203 - loadIPPluginJar : add dfsdm
2026-09-22 13:25:10,673 [INFO] IPUIPlugin:64 - create IPUIPlugin
2026-09-22 13:25:10,673 [INFO] PluginManager:203 - loadIPPluginJar : add dma
2026-09-22 13:25:10,689 [INFO] IPUIPlugin:64 - create IPUIPlugin
2026-09-22 13:25:10,689 [INFO] PluginManager:203 - loadIPPluginJar : add fatfs
2026-09-22 13:25:10,725 [INFO] IPUIPlugin:64 - create IPUIPlugin
2026-09-22 13:25:10,725 [INFO] PluginManager:203 - loadIPPluginJar : add fmc
2026-09-22 13:25:10,725 [INFO] IPUIPlugin:64 - create IPUIPlugin
2026-09-22 13:25:10,725 [INFO] PluginManager:203 - loadIPPluginJar : add freertos
2026-09-22 13:25:10,741 [INFO] IPUIPlugin:64 - create IPUIPlugin
2026-09-22 13:25:10,741 [INFO] PluginManager:203 - loadIPPluginJar : add genericplugin
2026-09-22 13:25:10,805 [INFO] IPUIPlugin:64 - create IPUIPlugin
2026-09-22 13:25:10,805 [INFO] PluginManager:203 - loadIPPluginJar : add gfxmmu
2026-09-22 13:25:10,889 [INFO] IPUIPlugin:64 - create IPUIPlugin
2026-09-22 13:25:10,889 [INFO] PluginManager:203 - loadIPPluginJar : add gic
2026-09-22 13:25:10,889 [INFO] IPUIPlugin:64 - create IPUIPlugin
2026-09-22 13:25:10,889 [INFO] PluginManager:203 - loadIPPluginJar : add gpio
2026-09-22 13:25:10,942 [INFO] IPUIPlugin:64 - create IPUIPlugin
2026-09-22 13:25:10,942 [INFO] PluginManager:203 - loadIPPluginJar : add gtzc
2026-09-22 13:25:10,958 [INFO] IPUIPlugin:64 - create IPUIPlugin
2026-09-22 13:25:10,958 [INFO] PluginManager:203 - loadIPPluginJar : add hash
2026-09-22 13:25:11,007 [INFO] IPUIPlugin:64 - create IPUIPlugin
2026-09-22 13:25:11,007 [INFO] PluginManager:203 - loadIPPluginJar : add i2c
2026-09-22 13:25:11,027 [INFO] IPUIPlugin:64 - create IPUIPlugin
2026-09-22 13:25:11,027 [INFO] PluginManager:203 - loadIPPluginJar : add i2s
2026-09-22 13:25:11,042 [INFO] IPUIPlugin:64 - create IPUIPlugin
2026-09-22 13:25:11,042 [INFO] PluginManager:203 - loadIPPluginJar : add ipddr
2026-09-22 13:25:11,058 [INFO] IPUIPlugin:64 - create IPUIPlugin
2026-09-22 13:25:11,058 [INFO] PluginManager:203 - loadIPPluginJar : add lorawan
2026-09-22 13:25:11,089 [INFO] IPUIPlugin:64 - create IPUIPlugin
2026-09-22 13:25:11,089 [INFO] PluginManager:203 - loadIPPluginJar : add ltdc
2026-09-22 13:25:11,105 [INFO] IPUIPlugin:64 - create IPUIPlugin
2026-09-22 13:25:11,106 [INFO] PluginManager:203 - loadIPPluginJar : add mdma
2026-09-22 13:25:11,107 [INFO] IPUIPlugin:64 - create IPUIPlugin
2026-09-22 13:25:11,107 [INFO] PluginManager:203 - loadIPPluginJar : add nvic
2026-09-22 13:25:11,127 [INFO] IPUIPlugin:64 - create IPUIPlugin
2026-09-22 13:25:11,127 [INFO] PluginManager:203 - loadIPPluginJar : add opamp
2026-09-22 13:25:11,173 [INFO] IPUIPlugin:64 - create IPUIPlugin
2026-09-22 13:25:11,173 [INFO] PluginManager:203 - loadIPPluginJar : add openamp
2026-09-22 13:25:11,208 [INFO] IPUIPlugin:64 - create IPUIPlugin
2026-09-22 13:25:11,208 [INFO] PluginManager:203 - loadIPPluginJar : add pdm2pcm
2026-09-22 13:25:11,208 [INFO] IPUIPlugin:64 - create IPUIPlugin
2026-09-22 13:25:11,223 [INFO] PluginManager:203 - loadIPPluginJar : add plateformsettings
2026-09-22 13:25:11,223 [INFO] IPUIPlugin:64 - create IPUIPlugin
2026-09-22 13:25:11,223 [INFO] PluginManager:203 - loadIPPluginJar : add quadspi
2026-09-22 13:25:11,228 [INFO] IPUIPlugin:64 - create IPUIPlugin
2026-09-22 13:25:11,228 [INFO] PluginManager:203 - loadIPPluginJar : add resmgrutility
2026-09-22 13:25:11,259 [INFO] IPUIPlugin:64 - create IPUIPlugin
2026-09-22 13:25:11,259 [INFO] PluginManager:203 - loadIPPluginJar : add sai
2026-09-22 13:25:11,289 [INFO] IPUIPlugin:64 - create IPUIPlugin
2026-09-22 13:25:11,289 [INFO] PluginManager:203 - loadIPPluginJar : add spi
2026-09-22 13:25:11,328 [INFO] IPUIPlugin:64 - create IPUIPlugin
2026-09-22 13:25:11,328 [INFO] PluginManager:203 - loadIPPluginJar : add stm32_wpan
2026-09-22 13:25:11,328 [INFO] IPUIPlugin:64 - create IPUIPlugin
2026-09-22 13:25:11,328 [INFO] PluginManager:203 - loadIPPluginJar : add tim
2026-09-22 13:25:11,373 [INFO] IPUIPlugin:64 - create IPUIPlugin
2026-09-22 13:25:11,373 [INFO] PluginManager:203 - loadIPPluginJar : add touchsensing
2026-09-22 13:25:11,389 [INFO] IPUIPlugin:64 - create IPUIPlugin
2026-09-22 13:25:11,389 [INFO] PluginManager:203 - loadIPPluginJar : add tracer_emb
2026-09-22 13:25:11,389 [INFO] IPUIPlugin:64 - create IPUIPlugin
2026-09-22 13:25:11,389 [INFO] PluginManager:203 - loadIPPluginJar : add ts
2026-09-22 13:25:11,389 [INFO] IPUIPlugin:64 - create IPUIPlugin
2026-09-22 13:25:11,389 [INFO] PluginManager:203 - loadIPPluginJar : add tsc
2026-09-22 13:25:11,405 [INFO] IPUIPlugin:64 - create IPUIPlugin
2026-09-22 13:25:11,405 [INFO] PluginManager:203 - loadIPPluginJar : add ucpd
2026-09-22 13:25:11,429 [INFO] IPUIPlugin:64 - create IPUIPlugin
2026-09-22 13:25:11,429 [INFO] PluginManager:203 - loadIPPluginJar : add usart
2026-09-22 13:25:11,629 [FATAL] Updater:284 - Updater called before beeing initialized
2026-09-22 13:25:11,689 [FATAL] Updater:284 - Updater called before beeing initialized
2026-09-22 13:25:11,704 [WARN] DetailPanel:347 - Failed to get advertising image, set to default
2026-09-22 13:25:11,709 [FATAL] Updater:284 - Updater called before beeing initialized
2026-09-22 13:25:11,709 [WARN] DetailPanel:347 - Failed to get advertising image, set to default
2026-09-22 13:25:11,730 [FATAL] Updater:284 - Updater called before beeing initialized
2026-09-22 13:25:11,730 [WARN] ThirdParty:783 - waiting for thirdparty lock release [close project]
2026-09-22 13:25:13,294 [INFO] ThirdPartyUpdaterWithRetryManager:56 - Updater plugin not ready yet. [2/15]
2026-09-22 13:25:16,304 [FATAL] Updater:284 - Updater called before beeing initialized
2026-09-22 13:25:16,305 [ERROR] AbstractThirdPartyUpdaterManager:153 - java.lang.Integer cannot be cast to java.util.List
2026-09-22 13:25:16,305 [INFO] ThirdParty:887 - Integrity check success = false
2026-09-22 13:25:16,306 [INFO] IntegrityCheckThread:75 - exiting critical section [integrity check]
2026-09-22 13:25:16,306 [INFO] IntegrityCheckThread:78 - End integrity checks thread
2026-09-22 13:25:16,306 [INFO] ThirdParty:785 - entering critical section [close project]
2026-09-22 13:25:16,306 [INFO] ThirdParty:796 - exiting critical section [close project]
2026-09-22 13:25:16,306 [INFO] PinOutPanel:1434 - setPackage(No Configuration,No Configuration)
2026-09-22 13:25:16,306 [FATAL] Updater:284 - Updater called before beeing initialized
2026-09-22 13:25:16,322 [ERROR] Updater:1065 - MainUpdater not yet initialized. External WinMGr cannot be set.
2026-09-22 13:25:16,324 [INFO] Updater:1002 - Updater Version found : 6.1.1
2026-09-22 13:25:16,339 [INFO] ApplicationProperties:181 - Using Application install path: C:\ST\STM32CubeIDE_1.5.1\STM32CubeIDE\plugins\com.st.stm32cube.common.mx_6.1.1.202012091304
2026-09-22 13:25:17,112 [INFO] MainUpdater:2644 - connection check result : 10
2026-09-22 13:25:17,112 [INFO] MainUpdater:249 - Updater Check For Update Now.
2026-09-22 13:25:17,112 [INFO] MicroXplorer:415 - Change Database Version : DB.6.0.10
2026-09-22 13:25:17,175 [INFO] CheckServerUpdateThread:102 - End of CheckServer Thread
2026-09-22 13:25:17,244 [INFO] MainUpdater:2644 - connection check result : 10
2026-09-22 13:25:17,544 [INFO] CrossSelectorPresenter:1330 - Cross Selector saved comparison directory: C:\Users\Alunos\.stmcufinder\plugins\mcufinder\mcu\cs_comparisons_mx
2026-09-22 13:25:17,560 [INFO] MultiScanPanel:198 - Auto-refresh data requested => check proxy status ongoing
2026-09-22 13:25:17,560 [INFO] FinderPluginLoader:87 - Searching for filters in installed packs
2026-09-22 13:25:17,560 [INFO] DbMcusXml:97 - Load MCU database from C:\ST\STM32CubeIDE_1.5.1\STM32CubeIDE\plugins\com.st.stm32cube.common.mx_6.1.1.202012091304\\db\/mcu/families.xml
2026-09-22 13:25:17,929 [INFO] DbMcusJson:92 - JSON generation date=Tue Nov 16 13:17:54 BRT 2021 (1637079474)
2026-09-22 13:25:18,360 [INFO] DbMcus:176 - Found 1835 MCUs (1796 are supported by CubeMX, 1920 are visible in CubeMX)
2026-09-22 13:25:18,372 [INFO] ApiDb:238 - Load user favorites file C:\Users\Alunos/.stm32cubeide/favorites.mcus.txt: 1 item(s)
2026-09-22 13:25:18,372 [INFO] ApiDb:242 - User favorites MCUs=[STM32F103C8Tx]
2026-09-22 13:25:18,372 [INFO] DbMcus:188 - Set 1 / 1 favorites MCUs
2026-09-22 13:25:18,635 [WARN] DetailPanel:347 - Failed to get advertising image, set to default
2026-09-22 13:25:18,773 [INFO] McuFilterPanel:245 - Update 1 favorites MCUs
2026-09-22 13:25:18,820 [INFO] DbBoardsPdsc:91 - Found 24 items
2026-09-22 13:25:18,836 [INFO] DbBoardsPdsc:91 - Found 9 items
2026-09-22 13:25:18,836 [INFO] DbBoardsPdsc:91 - Found 32 items
2026-09-22 13:25:18,851 [INFO] DbBoardsPdsc:91 - Found 1 items
2026-09-22 13:25:18,867 [INFO] DbBoardsPdsc:91 - Found 45 items
2026-09-22 13:25:18,873 [INFO] DbBoardsPdsc:91 - Found 41 items
2026-09-22 13:25:18,873 [INFO] DbBoardsPdsc:91 - Found 2 items
2026-09-22 13:25:18,873 [INFO] DbBoardsPdsc:91 - Found 4 items
2026-09-22 13:25:18,889 [WARN] DbBoardsPdsc:255 - Board STM32H7B3I-DK: unknown feature type=Audio, name=, username=Audio stereo codec with Headphone Amp (CS42L51-CNZ), n=1
2026-09-22 13:25:18,889 [WARN] DbBoardsPdsc:255 - Board STM32H735G-DK: unknown feature type=Audio, name=, username=Audio stereo codec with Headphone Amp (WM8994ECS/R), n=1
2026-09-22 13:25:18,889 [WARN] DbBoardsPdsc:255 - Board STM32H7B3I-EVAL: unknown feature type=Audio, name=, username=Multi-Channel Audio Codec (CS42L51-CNZ), n=1
2026-09-22 13:25:18,889 [WARN] DbBoardsPdsc:255 - Board STM32H7B3I-EVAL: unknown feature type=Meter, name=, username=Power-metering and Temperature-monitoring with sigma-delta modulators, n=1
2026-09-22 13:25:18,889 [WARN] DbBoardsPdsc:255 - Board STM32H7B3I-EVAL: unknown feature type=Motor, name=, username=Motor Control, n=1
2026-09-22 13:25:18,905 [INFO] DbBoardsJson:85 - JSON generation date=Tue Nov 16 13:17:54 BRT 2021 (1637079474)
2026-09-22 13:25:18,905 [INFO] DbBoards:118 - Found 168 boards (155 are supported by CubeMX)
2026-09-22 13:25:18,920 [INFO] DbBoardsDocs:145 - JSON generation date=Tue Nov 16 13:17:54 BRT 2021 (1637079474)
2026-09-22 13:25:18,920 [INFO] DbBoardsDocs:81 - Found 209 boards documents
2026-09-22 13:25:18,920 [WARN] DbBoards:128 - board B-L475E-IOT01A2 has no document id list !
2026-09-22 13:25:18,936 [WARN] DbBoards:128 - board NUCLEO-H743ZI has no document id list !
2026-09-22 13:25:18,936 [WARN] DbBoards:128 - board NUCLEO-WL55JC1 has no document id list !
2026-09-22 13:25:18,936 [WARN] DbBoards:128 - board NUCLEO-WL55JC2 has no document id list !
2026-09-22 13:25:18,936 [WARN] DbBoards:128 - board P-NUCLEO-WB55-Nucleo has no document id list !
2026-09-22 13:25:18,936 [WARN] DbBoards:128 - board P-NUCLEO-WB55-USBDongle has no document id list !
2026-09-22 13:25:18,936 [WARN] DbBoards:128 - board STEVAL-BFA001V1B has no document id list !
2026-09-22 13:25:18,936 [WARN] DbBoards:128 - board STEVAL-BFA001V2B has no document id list !
2026-09-22 13:25:18,936 [WARN] DbBoards:128 - board STEVAL-IDP005V1 has no document id list !
2026-09-22 13:25:18,936 [WARN] DbBoards:128 - board STEVAL-IDP005V2 has no document id list !
2026-09-22 13:25:18,936 [WARN] DbBoards:128 - board STEVAL-MKSBOX1V1 has no document id list !
2026-09-22 13:25:18,936 [WARN] DbBoards:128 - board STEVAL-STWINKT1 has no document id list !
2026-09-22 13:25:18,936 [WARN] DbBoards:128 - board STEVAL-STWINKT1B has no document id list !
2026-09-22 13:25:18,936 [WARN] DbBoards:128 - board STM32439I-EVAL2 has no document id list !
2026-09-22 13:25:18,936 [WARN] DbBoards:128 - board STM32F401C-DISCO has no document id list !
2026-09-22 13:25:18,936 [WARN] DbBoards:128 - board STM32F769I-DISC1 has no document id list !
2026-09-22 13:25:18,936 [WARN] DbBoards:128 - board STM32G474E-EVAL1 has no document id list !
2026-09-22 13:25:18,936 [WARN] DbBoards:128 - board STM32H743I-EVAL2 has no document id list !
2026-09-22 13:25:18,936 [WARN] DbBoards:128 - board STM32H747I-DISC1 has no document id list !
2026-09-22 13:25:18,936 [WARN] DbBoards:128 - board STM32H753I-EVAL2 has no document id list !
2026-09-22 13:25:18,936 [WARN] DbBoards:128 - board STM32L-DISCOVERY has no document id list !
2026-09-22 13:25:19,045 [ERROR] DbBoards:190 - Image file not found for board B-U585I-IOT02A: C:\ST\STM32CubeIDE_1.5.1\STM32CubeIDE\plugins\com.st.stm32cube.common.mx_6.1.1.202012091304\\db\/plugins/mcufinder/images/boards/B-U585I-IOT02A_small.jpg
2026-09-22 13:25:19,092 [ERROR] DbBoards:190 - Image file not found for board NUCLEO-F413ZH: C:\ST\STM32CubeIDE_1.5.1\STM32CubeIDE\plugins\com.st.stm32cube.common.mx_6.1.1.202012091304\\db\/plugins/mcufinder/images/boards/nucleo-f413zh_small.jpg
2026-09-22 13:25:19,161 [ERROR] DbBoards:190 - Image file not found for board NUCLEO-L552ZE-Q: C:\ST\STM32CubeIDE_1.5.1\STM32CubeIDE\plugins\com.st.stm32cube.common.mx_6.1.1.202012091304\\db\/plugins/mcufinder/images/boards/nucleo_l552ze_q_small.jpg
2026-09-22 13:25:19,161 [ERROR] DbBoards:190 - Image file not found for board NUCLEO-U575ZI-Q: C:\ST\STM32CubeIDE_1.5.1\STM32CubeIDE\plugins\com.st.stm32cube.common.mx_6.1.1.202012091304\\db\/plugins/mcufinder/images/boards/nucleo-u575zi-q_small.jpg
2026-09-22 13:25:19,161 [ERROR] DbBoards:190 - Image file not found for board NUCLEO-WB15CC: C:\ST\STM32CubeIDE_1.5.1\STM32CubeIDE\plugins\com.st.stm32cube.common.mx_6.1.1.202012091304\\db\/plugins/mcufinder/images/boards/nucleo-wb15cc_small.jpg
2026-09-22 13:25:19,161 [ERROR] DbBoards:190 - Image file not found for board NUCLEO-WB55RG: C:\ST\STM32CubeIDE_1.5.1\STM32CubeIDE\plugins\com.st.stm32cube.common.mx_6.1.1.202012091304\\db\/plugins/mcufinder/images/boards/nucleo-wb55rg_small.jpg
2026-09-22 13:25:19,161 [ERROR] DbBoards:190 - Image file not found for board NUCLEO-WL55JC: C:\ST\STM32CubeIDE_1.5.1\STM32CubeIDE\plugins\com.st.stm32cube.common.mx_6.1.1.202012091304\\db\/plugins/mcufinder/images/boards/nucleo-wl55jc-small.jpg
2026-09-22 13:25:19,292 [ERROR] DbBoards:190 - Image file not found for board STEVAL-STWINKT1B: C:\ST\STM32CubeIDE_1.5.1\STM32CubeIDE\plugins\com.st.stm32cube.common.mx_6.1.1.202012091304\\db\/plugins/mcufinder/images/boards/steval-stwinkt1b_small.jpg
2026-09-22 13:25:19,509 [ERROR] DbBoards:190 - Image file not found for board STM32H7B3I-EVAL: C:\ST\STM32CubeIDE_1.5.1\STM32CubeIDE\plugins\com.st.stm32cube.common.mx_6.1.1.202012091304\\db\/plugins/mcufinder/images/boards/stm32h7b3ieval_small.jpg
2026-09-22 13:25:19,647 [ERROR] DbBoards:190 - Image file not found for board STM32U575I-EV: C:\ST\STM32CubeIDE_1.5.1\STM32CubeIDE\plugins\com.st.stm32cube.common.mx_6.1.1.202012091304\\db\/plugins/mcufinder/images/boards/stm32u575i-ev_small.jpg
2026-09-22 13:25:19,678 [ERROR] DbBoards:190 - Image file not found for board STM32WB5MM-DK: C:\ST\STM32CubeIDE_1.5.1\STM32CubeIDE\plugins\com.st.stm32cube.common.mx_6.1.1.202012091304\\db\/plugins/mcufinder/images/boards/STM32WB5MM-DK_small.jpg
2026-09-22 13:25:19,678 [INFO] ApiDb:238 - Load user favorites file C:\Users\Alunos/.stm32cubeide/favorites.boards.txt: 0 item(s)
2026-09-22 13:25:19,678 [INFO] ApiDb:242 - User favorites Boards=[]
2026-09-22 13:25:19,678 [INFO] DbBoards:207 - Set 0 / 0 favorites Boards
2026-09-22 13:25:40,726 [INFO] Activator:170 - 


2026-09-22 13:25:40,728 [INFO] Activator:171 - !SESSION log4j initialized
2026-09-22 13:26:37,762 [INFO] RetryExec:97 - I/O exception (java.net.SocketException) caught when processing request to {s}->https://sw-center.st.com:443: Socket operation on nonsocket: configureBlocking
2026-09-22 13:26:37,762 [INFO] RetryExec:113 - Retrying request to {s}->https://sw-center.st.com:443
